customer_id,segment,forecast_fhs_day14,forecast_fhs_day30,fhs_trend,overdraft_days,min_forecast_balance,n_anomalies
NW000001,gig_worker,54.6,43.5,-10.5,0,2544.89,0
NW000002,sme_distressed,25.7,28.8,-6.5,0,735.81,0
NW000003,near_retiree,68.4,70.8,-1.6,0,18519.87,0
NW000004,young_professional,61.6,61.3,0.3,0,1726.2,0
NW000005,stable_salaried,94.1,91.9,1.8,0,5953.55,0
NW000006,stable_salaried,86.2,77.0,-9.3,0,6834.11,0
NW000007,stable_salaried,73.1,77.1,-6.0,0,6680.37,0
NW000008,sme_seasonal,60.3,47.0,-10.1,0,6224.44,0
NW000009,young_professional,36.8,38.7,-3.1,0,1957.93,0
NW000010,near_retiree,64.8,57.0,-8.6,0,7138.11,0
NW000011,stable_salaried,74.8,72.7,-11.7,0,8397.82,0
NW000012,sme_distressed,30.3,31.2,-7.2,3,456.96,1
NW000013,sme_seasonal,62.2,65.2,-0.8,0,4011.68,1
NW000014,stretched_salaried,21.2,25.4,-1.1,0,1277.99,0
NW000015,stable_salaried,80.7,78.8,-5.5,0,9899.53,1
NW000016,stable_salaried,70.8,89.8,13.6,0,6535.12,0
NW000017,stretched_salaried,36.9,27.3,-12.2,0,3426.84,1
NW000018,freelancer,66.3,64.9,-1.7,0,1797.83,0
NW000019,gig_worker,43.8,29.8,-15.4,0,4643.58,0
NW000020,stretched_salaried,41.2,50.2,4.1,0,2296.06,2
NW000021,young_professional,37.0,31.5,-1.6,3,658.61,0
NW000022,stable_salaried,71.2,77.4,3.3,0,8009.0,0
NW000023,stretched_salaried,39.5,40.2,-5.3,0,1451.56,0
NW000024,gig_worker,37.0,25.0,-16.6,0,3181.87,0
NW000025,gig_worker,50.8,61.7,5.3,0,3689.34,0
NW000026,sme_seasonal,46.3,45.5,-4.6,0,5369.43,0
NW000027,stable_salaried,70.2,61.7,-7.9,0,7280.23,0
NW000028,freelancer,61.3,57.7,2.0,21,183.19,0
NW000029,young_professional,60.7,58.3,-3.0,0,2698.29,0
NW000030,stable_salaried,69.9,70.0,-3.0,0,9709.55,0
NW000031,young_professional,59.6,53.1,-4.4,0,2878.0,0
NW000032,stable_salaried,76.1,75.5,-4.4,0,8977.19,0
NW000033,stable_salaried,73.3,61.3,-17.0,0,9200.14,0
NW000034,sme_distressed,32.0,32.4,-9.4,0,1271.97,1
NW000035,sme_distressed,24.4,10.1,-16.1,0,828.27,0
NW000036,sme_seasonal,41.1,36.6,-5.9,0,5649.46,0
NW000037,stretched_salaried,36.6,32.4,-9.7,0,1763.71,1
NW000038,stable_salaried,71.9,77.0,-4.6,0,9774.71,0
NW000039,young_professional,43.7,48.6,1.5,0,5626.89,0
NW000040,gig_worker,59.4,54.8,-6.2,0,2660.27,0
NW000041,stable_salaried,79.1,66.6,-13.5,0,8690.49,0
NW000042,freelancer,34.6,28.5,-5.0,0,4984.62,0
NW000043,stable_salaried,51.7,63.6,-1.6,0,9245.46,0
NW000044,sme_distressed,27.9,25.8,-4.7,0,3291.26,0
NW000045,stretched_salaried,32.3,30.7,-1.6,0,634.2,1
NW000046,young_professional,49.4,55.8,0.6,0,3975.22,0
NW000047,stretched_salaried,41.2,47.8,4.5,0,2328.12,0
NW000048,freelancer,28.8,32.1,2.1,0,2634.59,0
NW000049,freelancer,63.7,62.9,0.6,0,2755.09,0
NW000050,stable_salaried,76.9,83.6,0.8,0,9900.64,0
NW000051,sme_distressed,23.0,19.4,-5.4,0,1007.42,1
NW000052,near_retiree,76.5,82.9,-2.3,0,8891.67,0
NW000053,sme_distressed,22.1,5.7,-16.5,0,1212.53,1
NW000054,sme_seasonal,49.5,49.0,-7.5,0,4432.01,0
NW000055,young_professional,47.0,55.7,4.2,30,3.74,0
NW000056,sme_distressed,18.9,22.3,-1.9,1,688.3,0
NW000057,stable_salaried,72.0,68.5,-7.6,0,7876.41,0
NW000058,stable_salaried,85.2,89.5,-5.7,0,10060.15,0
NW000059,stable_salaried,76.5,80.8,-2.2,0,8831.54,0
NW000060,stretched_salaried,8.9,0.0,-13.7,0,2126.96,0
NW000061,gig_worker,47.8,39.7,-6.1,0,1932.9,1
NW000062,stretched_salaried,38.5,32.3,-2.7,0,662.81,0
NW000063,sme_seasonal,56.2,44.9,-16.3,0,2995.95,0
NW000064,gig_worker,57.0,50.8,-3.9,0,2474.68,0
NW000065,stretched_salaried,42.1,43.4,-2.3,0,1146.88,0
NW000066,freelancer,32.8,36.4,-2.7,0,2213.43,0
NW000067,stable_salaried,80.9,78.8,-2.2,0,6741.73,0
NW000068,sme_seasonal,41.5,50.0,6.4,0,2909.5,0
NW000069,stable_salaried,71.8,57.9,-14.3,0,7143.55,0
NW000070,sme_distressed,30.6,32.5,-4.8,0,922.43,0
NW000071,near_retiree,79.7,71.5,-9.5,0,16296.22,0
NW000072,stable_salaried,75.6,72.3,1.2,0,9644.64,0
NW000073,stable_salaried,68.7,74.3,0.6,0,6701.18,0
NW000074,sme_seasonal,52.6,47.4,-7.9,0,6137.3,0
NW000075,near_retiree,77.0,68.4,-6.8,0,16136.73,0
NW000076,near_retiree,61.6,51.0,-10.8,0,14890.85,0
NW000077,near_retiree,61.5,63.1,-3.4,0,5657.12,0
NW000078,stable_salaried,76.0,76.6,-5.9,0,9674.13,3
NW000079,gig_worker,22.0,24.7,0.9,0,1519.95,0
NW000080,stable_salaried,79.1,83.7,3.2,0,8128.21,0
NW000081,sme_seasonal,43.5,33.5,-3.8,0,4779.42,0
NW000082,young_professional,56.1,48.5,-8.4,0,1603.59,0
NW000083,stretched_salaried,46.0,49.4,-2.9,0,2379.86,0
NW000084,stable_salaried,56.6,53.9,-8.2,0,9377.1,0
NW000085,stretched_salaried,45.4,55.8,2.9,0,2596.03,0
NW000086,stretched_salaried,37.5,35.6,-1.3,0,657.61,0
NW000087,near_retiree,88.8,78.1,-11.0,0,19890.43,0
NW000088,young_professional,48.9,38.2,-12.4,0,1986.25,0
NW000089,sme_seasonal,34.5,46.3,3.1,0,2574.7,0
NW000090,freelancer,43.2,33.2,-15.9,0,2720.36,0
NW000091,stable_salaried,61.4,70.3,-1.1,0,8907.96,0
NW000092,near_retiree,70.6,69.1,-5.6,0,15629.36,0
NW000093,near_retiree,78.1,82.1,-4.3,0,12894.05,0
NW000094,freelancer,30.0,23.0,-12.8,0,3043.1,1
NW000095,near_retiree,72.8,74.2,-7.6,0,13858.03,0
NW000096,freelancer,51.7,40.5,-12.0,0,5809.44,1
NW000097,freelancer,44.0,43.7,1.3,0,6332.56,0
NW000098,gig_worker,23.3,16.8,-8.9,0,1741.49,0
NW000099,stable_salaried,76.0,69.1,-8.0,0,8315.51,0
NW000100,stable_salaried,72.2,76.8,-3.2,0,5431.7,0
NW000101,stable_salaried,66.6,56.5,-7.2,0,9744.33,0
NW000102,young_professional,78.1,79.1,-0.1,0,3733.4,0
NW000103,stretched_salaried,45.5,48.0,-2.2,0,2861.43,0
NW000104,freelancer,20.9,25.1,0.6,0,3170.12,0
NW000105,sme_distressed,11.8,8.5,-2.3,0,2090.46,0
NW000106,stretched_salaried,46.5,45.8,-2.6,0,2175.65,0
NW000107,gig_worker,47.0,32.5,-12.0,0,2535.72,0
NW000108,near_retiree,49.2,41.7,-9.5,0,17419.08,0
NW000109,stretched_salaried,37.8,28.9,-8.2,0,649.38,0
NW000110,stable_salaried,75.9,75.8,-3.0,0,8647.24,0
NW000111,stretched_salaried,36.8,24.8,-13.8,0,937.1,0
NW000112,stable_salaried,81.9,74.1,-11.1,0,9315.99,0
NW000113,sme_distressed,10.1,8.5,-3.2,0,2139.82,0
NW000114,sme_seasonal,53.1,45.6,-7.3,0,6651.22,1
NW000115,young_professional,38.2,44.8,7.6,0,2274.95,0
NW000116,sme_seasonal,13.1,11.3,-7.1,0,4103.42,0
NW000117,sme_seasonal,57.1,57.9,-6.8,5,509.45,0
NW000118,stable_salaried,70.5,71.9,-0.4,0,9653.82,0
NW000119,sme_seasonal,30.9,33.6,2.2,0,8126.2,0
NW000120,freelancer,36.0,28.4,-14.5,0,4306.74,0
NW000121,sme_seasonal,28.2,21.1,-10.2,0,5858.97,0
NW000122,sme_seasonal,48.1,52.5,6.0,0,4525.58,0
NW000123,stretched_salaried,24.3,37.3,6.9,0,1008.24,0
NW000124,stable_salaried,74.2,76.8,2.6,0,7389.62,0
NW000125,stretched_salaried,41.0,31.3,-11.9,0,851.76,0
NW000126,gig_worker,11.5,0.0,-12.0,0,1243.77,1
NW000127,sme_seasonal,31.6,15.7,-17.5,0,2387.19,0
NW000128,sme_seasonal,37.3,26.4,-8.2,0,2842.49,0
NW000129,stable_salaried,69.0,66.2,-5.7,0,7293.88,0
NW000130,freelancer,59.6,64.3,-3.7,0,2709.08,0
NW000131,gig_worker,35.8,38.5,-2.2,0,3247.26,1
NW000132,stretched_salaried,51.5,46.3,-3.4,0,1719.84,0
NW000133,stable_salaried,80.9,64.0,-17.5,0,10215.39,0
NW000134,stretched_salaried,28.9,18.0,-14.2,0,1242.53,0
NW000135,sme_distressed,30.7,10.5,-20.4,0,2631.72,0
NW000136,stretched_salaried,22.8,25.3,1.0,30,-279.57,0
NW000137,freelancer,64.5,61.7,-9.3,30,-173.68,0
NW000138,near_retiree,66.7,63.7,-10.2,0,14660.46,0
NW000139,gig_worker,44.8,49.5,4.2,0,3395.97,0
NW000140,sme_distressed,26.4,31.8,-3.9,0,2148.72,0
NW000141,sme_distressed,23.5,24.6,-1.4,0,1265.86,0
NW000142,stretched_salaried,35.1,23.2,-9.7,0,1459.73,0
NW000143,freelancer,72.1,57.9,-12.8,20,163.0,0
NW000144,stretched_salaried,33.4,39.9,2.6,0,776.56,0
NW000145,stretched_salaried,42.9,35.8,-6.5,0,939.74,0
NW000146,stable_salaried,79.1,74.0,-10.5,0,7600.14,0
NW000147,young_professional,44.0,45.7,-5.4,0,3234.15,0
NW000148,freelancer,21.7,22.0,-6.1,0,2181.35,0
NW000149,stable_salaried,67.9,68.4,-1.5,0,8351.2,0
NW000150,stretched_salaried,31.5,29.2,-7.0,0,1998.34,0
NW000151,sme_distressed,19.5,23.5,-2.4,0,691.81,0
NW000152,stretched_salaried,29.4,21.1,-11.0,0,2585.94,0
NW000153,stable_salaried,75.1,63.5,-10.2,0,8518.42,0
NW000154,freelancer,48.8,50.7,-1.7,0,3227.84,0
NW000155,sme_distressed,18.7,13.7,-3.8,0,701.79,0
NW000156,stretched_salaried,46.6,51.6,2.6,0,2785.39,0
NW000157,young_professional,54.2,60.8,0.5,0,1483.34,0
NW000158,near_retiree,78.7,72.4,-5.8,0,10633.76,0
NW000159,stretched_salaried,17.0,0.0,-21.4,30,-181.11,1
NW000160,near_retiree,59.6,51.9,-8.5,0,17166.17,0
NW000161,gig_worker,42.9,36.7,-13.2,0,2663.48,0
NW000162,young_professional,32.8,25.0,-14.0,0,3677.15,0
NW000163,young_professional,61.0,72.3,3.7,0,929.71,0
NW000164,freelancer,27.0,31.7,-4.2,0,3457.74,0
NW000165,stable_salaried,59.6,51.7,-10.9,0,6128.97,0
NW000166,sme_seasonal,35.0,34.0,-7.0,0,2468.47,1
NW000167,stretched_salaried,41.5,32.4,-5.8,0,1039.47,0
NW000168,stable_salaried,68.9,62.5,-8.5,0,8187.69,0
NW000169,stable_salaried,53.3,53.2,-8.1,0,7529.89,0
NW000170,young_professional,52.1,50.0,-8.1,0,2214.94,0
NW000171,young_professional,53.2,38.9,-9.9,0,2464.92,0
NW000172,stable_salaried,80.1,82.0,2.6,0,8836.23,1
NW000173,freelancer,18.6,33.9,9.3,0,4960.48,0
NW000174,stretched_salaried,19.3,16.4,-5.8,0,3380.7,0
NW000175,young_professional,43.0,39.4,-1.3,0,2722.8,0
NW000176,stable_salaried,79.7,75.8,-3.1,0,10374.1,0
NW000177,young_professional,42.9,41.2,-6.8,0,3432.76,0
NW000178,gig_worker,47.6,54.2,4.6,0,2411.05,0
NW000179,sme_distressed,11.8,0.0,-12.5,0,1429.07,0
NW000180,stable_salaried,81.0,79.3,0.1,0,9133.59,0
NW000181,stretched_salaried,49.2,32.2,-9.9,0,2093.15,0
NW000182,stable_salaried,71.5,76.4,2.9,0,7178.28,0
NW000183,sme_distressed,10.3,3.2,-10.8,28,203.04,1
NW000184,sme_seasonal,51.4,45.0,-9.9,30,-1041.79,0
NW000185,stretched_salaried,33.8,32.2,-3.9,0,2035.5,2
NW000186,young_professional,55.9,46.9,-12.7,0,3238.58,0
NW000187,sme_seasonal,22.9,22.2,-5.8,0,2709.88,0
NW000188,freelancer,52.2,49.6,-8.0,3,212.93,1
NW000189,freelancer,57.4,51.4,-4.2,0,1715.84,0
NW000190,stretched_salaried,37.1,31.0,-8.6,0,737.39,0
NW000191,stable_salaried,85.3,80.2,-9.5,0,8083.31,0
NW000192,sme_seasonal,14.1,19.5,1.6,0,1857.06,0
NW000193,sme_distressed,40.3,36.3,-5.0,0,659.37,0
NW000194,young_professional,47.4,50.7,0.2,0,2750.34,0
NW000195,stretched_salaried,35.7,26.3,-6.8,0,3851.51,0
NW000196,stretched_salaried,39.6,33.1,-6.0,7,451.01,0
NW000197,near_retiree,75.1,68.2,-7.0,0,16394.16,0
NW000198,sme_seasonal,69.6,62.4,-6.2,0,8787.65,0
NW000199,sme_seasonal,27.2,18.6,-11.3,30,-639.19,0
NW000200,near_retiree,70.2,59.3,-9.7,0,19429.19,0
NW000201,young_professional,45.6,40.6,-5.4,0,2828.42,0
NW000202,stable_salaried,68.3,66.0,-4.3,0,6268.66,0
NW000203,stable_salaried,69.6,63.8,-3.4,0,7026.12,0
NW000204,sme_seasonal,52.2,60.0,5.1,0,2736.99,0
NW000205,young_professional,73.5,71.6,-2.7,0,3274.76,0
NW000206,stable_salaried,70.9,51.1,-15.3,0,6576.13,0
NW000207,stable_salaried,61.9,67.4,1.9,0,7346.22,0
NW000208,young_professional,64.9,63.0,-2.1,0,1592.47,0
NW000209,stable_salaried,75.9,61.2,-16.7,0,8631.22,0
NW000210,stable_salaried,70.4,74.4,-1.3,0,8790.24,0
NW000211,freelancer,56.8,37.1,-19.5,0,2428.85,0
NW000212,young_professional,48.4,43.7,-12.1,0,1888.27,0
NW000213,young_professional,45.7,42.1,-7.7,0,2370.82,0
NW000214,stretched_salaried,48.3,42.3,-9.3,0,3266.02,0
NW000215,near_retiree,48.9,54.9,-1.3,0,13292.27,0
NW000216,stretched_salaried,25.7,20.6,-7.4,0,2176.3,0
NW000217,stretched_salaried,48.0,41.5,-3.1,0,1547.79,0
NW000218,near_retiree,68.2,65.6,-4.3,0,16566.42,0
NW000219,young_professional,59.2,51.8,-3.6,0,2089.15,0
NW000220,sme_seasonal,63.7,58.2,-11.7,1,763.07,0
NW000221,young_professional,51.6,51.1,-5.3,0,2793.88,0
NW000222,freelancer,44.4,35.9,-15.2,0,6283.98,0
NW000223,stable_salaried,78.3,86.1,2.1,0,9309.01,0
NW000224,gig_worker,27.2,18.5,-9.9,0,3192.63,0
NW000225,stretched_salaried,44.3,39.1,-7.5,19,208.86,0
NW000226,stretched_salaried,34.2,35.3,2.7,0,955.08,0
NW000227,sme_distressed,23.2,24.4,-4.2,0,1741.8,0
NW000228,gig_worker,35.0,28.0,-10.2,0,3151.36,0
NW000229,sme_seasonal,48.4,49.9,-0.5,0,1675.28,0
NW000230,young_professional,28.7,23.8,-8.3,0,2935.56,0
NW000231,sme_seasonal,50.0,51.5,1.6,30,-1014.3,0
NW000232,freelancer,58.2,53.7,-1.0,0,2636.94,0
NW000233,young_professional,61.8,56.6,-0.8,0,3116.67,0
NW000234,freelancer,40.4,44.4,-5.5,0,4879.56,0
NW000235,stable_salaried,58.1,51.4,-10.3,0,7088.96,0
NW000236,near_retiree,75.1,86.4,8.4,0,12389.08,0
NW000237,stretched_salaried,29.8,29.3,-4.0,0,2368.13,0
NW000238,stable_salaried,86.3,83.0,-2.6,0,8171.38,0
NW000239,young_professional,54.3,53.8,-4.0,0,1444.06,0
NW000240,stable_salaried,66.0,74.7,2.4,0,10696.23,0
NW000241,sme_distressed,28.5,29.6,1.2,0,1350.3,0
NW000242,sme_distressed,46.0,44.0,-2.2,0,745.92,2
NW000243,sme_distressed,20.8,14.2,-9.7,0,2144.3,0
NW000244,gig_worker,65.8,74.3,4.8,9,495.58,0
NW000245,stable_salaried,70.2,80.8,2.3,0,9000.73,1
NW000246,sme_distressed,13.7,21.2,0.9,8,481.46,0
NW000247,gig_worker,56.3,59.1,1.4,0,2427.75,0
NW000248,sme_distressed,0.6,2.6,-4.6,0,2756.43,0
NW000249,sme_distressed,14.4,11.3,-6.8,30,-15.48,0
NW000250,sme_seasonal,31.2,39.6,0.3,0,3519.55,0
NW000251,stretched_salaried,38.4,48.2,0.1,0,2531.94,1
NW000252,gig_worker,38.4,37.4,-1.0,0,2011.6,0
NW000253,sme_seasonal,50.8,54.4,-1.7,0,1801.09,0
NW000254,stretched_salaried,42.7,41.5,0.3,0,1864.18,0
NW000255,stable_salaried,60.2,61.7,-5.5,0,8817.41,0
NW000256,freelancer,39.8,46.4,-1.6,0,4997.36,0
NW000257,sme_distressed,2.6,2.6,-5.9,0,1571.72,0
NW000258,young_professional,57.2,58.6,-2.3,0,2996.66,0
NW000259,young_professional,53.2,63.1,3.3,0,2457.9,0
NW000260,stable_salaried,63.3,69.5,2.0,0,6671.97,0
NW000261,young_professional,46.6,51.1,-1.4,0,3448.54,0
NW000262,sme_distressed,25.9,21.3,-3.7,30,77.08,0
NW000263,stable_salaried,74.8,76.6,-2.1,0,7373.15,0
NW000264,freelancer,31.7,38.6,2.4,0,5115.74,0
NW000265,sme_seasonal,64.2,68.4,8.2,0,6751.68,0
NW000266,near_retiree,43.5,41.0,-7.5,0,6501.35,0
NW000267,young_professional,53.2,52.3,-1.6,0,1232.26,0
NW000268,near_retiree,66.9,57.1,-11.3,0,19382.05,0
NW000269,gig_worker,36.7,37.0,-0.4,0,3689.05,1
NW000270,stretched_salaried,20.6,18.9,-8.8,29,150.38,0
NW000271,sme_seasonal,24.4,30.3,4.8,0,3870.42,0
NW000272,sme_seasonal,33.5,20.2,-17.4,0,3671.93,0
NW000273,sme_seasonal,42.6,33.3,-14.1,0,3349.87,0
NW000274,sme_distressed,21.6,21.8,-4.5,6,534.49,0
NW000275,freelancer,59.3,58.2,-6.3,0,3785.66,0
NW000276,freelancer,14.9,14.4,1.7,0,1949.37,1
NW000277,sme_seasonal,42.9,43.3,-4.0,0,4593.08,0
NW000278,young_professional,54.0,66.5,6.8,0,2641.5,0
NW000279,near_retiree,58.8,58.5,-9.3,0,20992.73,0
NW000280,sme_seasonal,29.4,34.6,1.3,0,4989.03,0
NW000281,sme_seasonal,36.9,40.6,-3.8,0,4782.1,0
NW000282,stretched_salaried,58.3,60.0,0.9,0,884.14,0
NW000283,gig_worker,38.6,33.0,-3.9,28,7.3,0
NW000284,stable_salaried,84.4,69.0,-16.3,0,7770.66,0
NW000285,young_professional,53.3,60.6,3.4,0,2941.71,0
NW000286,stable_salaried,73.1,81.5,6.3,0,6746.01,0
NW000287,gig_worker,50.8,44.5,-5.9,0,2844.94,1
NW000288,freelancer,31.1,30.1,-6.4,0,5144.82,0
NW000289,stretched_salaried,29.1,28.3,-8.0,0,1510.01,0
NW000290,young_professional,49.7,39.9,-8.5,0,1564.99,0
NW000291,stable_salaried,73.6,76.3,-2.9,0,7823.91,1
NW000292,stable_salaried,66.7,51.7,-13.4,0,11085.65,0
NW000293,sme_seasonal,67.1,76.6,2.8,0,3549.4,0
NW000294,gig_worker,63.9,49.9,-17.4,2,474.12,0
NW000295,stable_salaried,55.7,63.2,2.2,0,8443.55,0
NW000296,freelancer,52.4,49.3,-1.5,0,6125.4,0
NW000297,near_retiree,58.7,60.7,-1.7,0,18019.39,0
NW000298,stretched_salaried,67.8,62.5,-4.6,0,1795.25,0
NW000299,young_professional,71.9,68.1,-7.3,0,2575.79,0
NW000300,stable_salaried,71.1,67.8,1.2,0,9182.0,0
NW000301,stable_salaried,76.8,76.2,0.7,0,8307.05,0
NW000302,freelancer,37.4,40.3,-6.2,0,4951.27,0
NW000303,freelancer,46.1,46.2,-4.3,0,2532.49,0
NW000304,young_professional,53.0,49.8,-5.4,0,5734.26,0
NW000305,near_retiree,89.9,82.5,-8.5,0,11456.11,0
NW000306,sme_distressed,26.4,26.4,-0.7,0,2220.27,0
NW000307,freelancer,58.1,51.1,-5.2,30,-587.19,0
NW000308,stretched_salaried,18.6,32.9,7.6,0,1591.67,0
NW000309,sme_seasonal,56.2,61.3,1.2,0,5194.62,0
NW000310,stretched_salaried,34.6,24.7,-10.7,0,3155.58,1
NW000311,gig_worker,47.1,45.8,-7.1,0,958.83,1
NW000312,stable_salaried,81.8,79.9,-0.8,0,9024.16,0
NW000313,stable_salaried,71.2,73.3,-6.3,0,8715.14,0
NW000314,sme_distressed,20.3,14.2,-7.6,0,815.94,0
NW000315,sme_seasonal,63.0,54.4,-8.2,0,5448.53,1
NW000316,young_professional,41.1,48.5,4.9,0,1956.35,0
NW000317,gig_worker,59.0,61.3,-0.3,8,361.97,0
NW000318,stable_salaried,67.4,72.7,-7.6,0,8595.64,0
NW000319,stable_salaried,89.0,77.7,-10.2,0,9656.04,1
NW000320,stretched_salaried,51.3,58.5,5.9,0,1203.71,0
NW000321,freelancer,59.7,48.8,-13.6,30,-914.85,0
NW000322,near_retiree,72.6,60.0,-11.8,0,15137.33,0
NW000323,young_professional,19.6,27.7,3.4,0,4583.75,0
NW000324,stretched_salaried,34.7,29.0,-8.0,0,1378.14,1
NW000325,sme_distressed,31.9,25.4,-8.7,0,1612.71,0
NW000326,near_retiree,65.4,46.3,-21.5,0,17113.22,0
NW000327,freelancer,59.7,49.6,-11.3,0,2157.3,0
NW000328,young_professional,38.6,32.7,-9.8,0,1629.88,0
NW000329,gig_worker,47.3,47.3,-8.4,0,1181.42,0
NW000330,stretched_salaried,20.5,15.2,-5.7,0,2146.42,1
NW000331,gig_worker,44.1,43.2,-8.7,18,277.39,1
NW000332,near_retiree,81.4,84.1,-2.7,0,13355.07,0
NW000333,stable_salaried,73.2,76.6,-4.5,0,10167.13,0
NW000334,stable_salaried,82.1,61.7,-15.5,0,7864.86,0
NW000335,stable_salaried,65.7,64.8,-7.4,0,9415.43,0
NW000336,stable_salaried,70.5,72.4,-8.9,0,8164.33,0
NW000337,sme_seasonal,63.9,64.1,-4.5,0,3766.02,0
NW000338,near_retiree,77.2,74.1,-2.6,0,12892.77,0
NW000339,freelancer,65.9,58.4,-5.4,0,3380.2,0
NW000340,stable_salaried,80.2,81.2,-3.5,0,8803.6,0
NW000341,freelancer,12.6,7.5,-3.7,0,3469.53,0
NW000342,freelancer,42.0,43.3,-2.9,6,457.62,0
NW000343,stable_salaried,73.9,81.7,2.8,0,8237.33,0
NW000344,gig_worker,53.2,42.6,-8.6,0,2080.08,0
NW000345,gig_worker,39.1,28.4,-12.8,0,2780.14,0
NW000346,young_professional,37.1,39.5,-2.3,0,3589.63,0
NW000347,young_professional,54.0,57.0,-3.3,0,2064.2,0
NW000348,stable_salaried,73.1,75.5,-3.1,0,8610.23,0
NW000349,gig_worker,20.5,22.8,-2.5,0,1218.55,0
NW000350,young_professional,41.3,35.9,-4.2,0,2023.98,0
NW000351,freelancer,41.7,34.1,-6.7,0,2356.96,0
NW000352,sme_seasonal,33.7,38.2,-2.3,0,3814.52,0
NW000353,young_professional,51.4,48.2,-9.9,0,3115.47,0
NW000354,stable_salaried,69.6,77.1,4.0,0,8185.33,0
NW000355,stable_salaried,90.0,80.2,-7.1,0,8590.48,0
NW000356,young_professional,50.1,48.0,-3.8,0,1998.79,0
NW000357,stable_salaried,61.5,78.6,7.3,0,8127.38,0
NW000358,young_professional,52.8,44.5,-13.8,0,3036.94,0
NW000359,sme_distressed,13.4,3.8,-11.4,0,1502.47,0
NW000360,young_professional,37.1,33.3,-7.4,0,1721.84,0
NW000361,gig_worker,22.7,11.7,-10.9,0,1985.65,0
NW000362,young_professional,45.0,54.5,4.3,0,3377.92,0
NW000363,gig_worker,51.5,47.7,-1.5,0,1728.87,0
NW000364,freelancer,65.1,62.4,-3.9,0,3192.33,0
NW000365,sme_distressed,21.9,13.6,-5.0,0,1542.88,0
NW000366,gig_worker,41.1,40.1,-7.8,0,2122.09,0
NW000367,sme_distressed,4.9,13.3,-0.4,0,1584.41,0
NW000368,sme_distressed,24.3,14.5,-12.7,0,1820.75,0
NW000369,stable_salaried,58.8,55.7,-6.1,0,9393.84,0
NW000370,stable_salaried,66.8,73.0,-0.7,0,8868.25,0
NW000371,stable_salaried,61.0,60.7,-2.9,0,7791.65,0
NW000372,stable_salaried,66.6,58.3,-9.8,0,9328.17,0
NW000373,stable_salaried,82.1,86.6,1.8,0,9840.24,0
NW000374,young_professional,49.6,41.6,-8.6,0,1628.65,0
NW000375,stable_salaried,73.5,68.5,-7.3,0,8849.24,0
NW000376,stretched_salaried,33.1,33.1,-4.0,0,3248.94,0
NW000377,sme_seasonal,30.8,30.3,-0.2,8,121.12,0
NW000378,stable_salaried,69.9,72.7,-1.2,0,7674.84,0
NW000379,sme_seasonal,42.7,35.6,-5.6,0,1245.35,0
NW000380,stretched_salaried,34.4,41.9,2.0,0,1309.95,0
NW000381,stable_salaried,74.0,74.3,0.7,0,8662.48,0
NW000382,young_professional,53.6,53.1,-7.3,0,3630.79,0
NW000383,young_professional,57.0,34.5,-23.9,0,1902.46,0
NW000384,sme_seasonal,48.3,50.9,2.6,0,8483.6,0
NW000385,near_retiree,77.8,68.8,-10.9,0,19271.9,0
NW000386,sme_seasonal,32.0,29.0,-4.1,0,4784.48,1
NW000387,stretched_salaried,43.1,49.7,-0.2,0,3270.01,0
NW000388,stable_salaried,80.9,74.4,-3.7,0,8394.55,0
NW000389,near_retiree,63.3,56.6,-11.9,0,10404.17,0
NW000390,sme_seasonal,63.8,52.7,-9.6,0,3678.1,0
NW000391,sme_distressed,29.8,29.7,-0.4,0,1465.25,0
NW000392,gig_worker,23.3,29.5,7.0,0,1544.61,0
NW000393,gig_worker,54.2,49.4,-8.6,30,-505.24,0
NW000394,near_retiree,83.8,82.8,-3.7,0,13293.33,0
NW000395,stretched_salaried,37.3,33.5,-6.5,0,1109.92,1
NW000396,sme_distressed,22.6,16.5,-5.8,0,1701.2,1
NW000397,sme_seasonal,33.0,24.3,-10.5,0,2166.77,0
NW000398,gig_worker,50.4,45.9,-5.0,0,2757.45,0
NW000399,near_retiree,59.8,59.5,-6.6,0,12426.08,0
NW000400,near_retiree,53.9,52.0,-7.7,0,21639.12,0
NW000401,stable_salaried,73.3,70.6,-8.7,0,7923.26,0
NW000402,sme_distressed,36.4,29.2,-11.2,28,218.26,0
NW000403,freelancer,57.3,67.4,-1.7,0,5323.49,0
NW000404,sme_seasonal,55.5,53.9,-6.4,0,5312.19,0
NW000405,stretched_salaried,23.5,20.0,-8.8,2,601.92,2
NW000406,sme_seasonal,55.9,58.1,-0.9,0,3985.57,0
NW000407,gig_worker,38.2,37.2,-4.3,0,2390.36,1
NW000408,stable_salaried,70.4,72.6,-4.8,0,8230.84,0
NW000409,sme_distressed,0.0,2.5,-3.2,30,-68.06,0
NW000410,stable_salaried,74.8,75.3,-4.3,0,8796.37,0
NW000411,stretched_salaried,35.6,33.3,-6.8,0,1777.18,0
NW000412,sme_distressed,34.9,23.3,-5.2,4,503.49,1
NW000413,sme_distressed,27.6,27.2,-0.9,0,1969.38,0
NW000414,young_professional,48.0,52.3,-1.2,0,4994.13,0
NW000415,young_professional,73.3,63.7,-4.3,0,3376.05,0
NW000416,gig_worker,42.4,52.8,5.3,0,1934.78,0
NW000417,stretched_salaried,40.5,35.4,-9.6,0,2244.58,0
NW000418,stretched_salaried,8.7,10.8,1.9,0,978.78,0
NW000419,young_professional,38.7,27.5,-12.1,0,3775.17,0
NW000420,near_retiree,52.3,47.8,-11.1,0,9953.88,0
NW000421,sme_seasonal,59.1,50.2,-11.7,0,8101.3,0
NW000422,sme_seasonal,25.3,15.3,-14.8,0,3044.74,0
NW000423,stable_salaried,64.9,70.5,-1.9,0,6965.9,0
NW000424,freelancer,17.1,25.4,1.6,0,1086.56,0
NW000425,stable_salaried,72.6,64.5,-9.8,0,7009.71,0
NW000426,freelancer,60.3,59.3,-9.3,0,1926.0,0
NW000427,gig_worker,35.6,37.2,-0.5,0,4742.69,0
NW000428,sme_seasonal,43.5,31.2,-13.5,0,3778.81,0
NW000429,gig_worker,42.9,38.7,-8.7,0,3533.32,0
NW000430,stable_salaried,68.7,83.4,1.9,0,7198.03,0
NW000431,stable_salaried,61.8,53.1,-7.9,0,8804.06,0
NW000432,near_retiree,71.7,72.4,-5.5,0,11005.72,0
NW000433,young_professional,73.1,59.7,-12.4,0,1856.79,0
NW000434,stable_salaried,65.3,74.9,0.7,0,7324.31,0
NW000435,stable_salaried,73.7,70.1,-3.7,0,7847.25,0
NW000436,near_retiree,55.6,48.6,-10.4,0,14119.61,0
NW000437,stable_salaried,76.0,73.1,-1.8,0,8376.82,0
NW000438,sme_seasonal,45.7,26.1,-19.1,0,3293.97,0
NW000439,near_retiree,74.2,78.0,2.0,0,7167.38,0
NW000440,stable_salaried,68.5,62.1,-7.4,0,8901.59,0
NW000441,stable_salaried,72.5,47.7,-18.3,0,7852.52,0
NW000442,sme_distressed,46.5,35.3,-11.1,26,340.73,0
NW000443,gig_worker,41.0,29.8,-13.3,0,1475.92,0
NW000444,gig_worker,54.0,60.3,-5.4,0,2245.76,0
NW000445,sme_seasonal,58.2,55.7,-1.4,0,5487.06,1
NW000446,sme_distressed,19.3,13.4,-6.4,6,519.22,0
NW000447,sme_distressed,47.4,27.9,-8.3,0,1319.1,1
NW000448,near_retiree,63.4,60.9,-3.4,0,18669.12,0
NW000449,gig_worker,50.7,37.8,-9.9,0,3380.59,0
NW000450,stable_salaried,67.3,79.0,2.3,0,7629.01,0
NW000451,near_retiree,65.1,72.1,4.7,0,13792.66,0
NW000452,freelancer,58.0,64.4,0.8,0,1637.35,0
NW000453,gig_worker,35.4,34.7,-2.4,0,1224.68,1
NW000454,sme_distressed,4.5,14.2,-3.0,0,1272.25,0
NW000455,stable_salaried,69.6,66.3,-8.6,0,7633.09,0
NW000456,freelancer,44.3,42.1,-5.3,0,5942.46,0
NW000457,stable_salaried,76.9,69.4,-10.2,0,10682.05,0
NW000458,gig_worker,37.6,25.0,-16.4,7,365.7,0
NW000459,stable_salaried,71.6,69.9,-3.1,0,8697.33,0
NW000460,stable_salaried,66.3,61.9,-7.5,0,7599.57,0
NW000461,stable_salaried,57.8,53.0,-11.9,0,8902.17,0
NW000462,young_professional,75.1,66.5,-9.3,0,2463.44,0
NW000463,near_retiree,74.3,78.9,-3.1,0,15846.99,0
NW000464,young_professional,52.0,48.8,-9.2,0,3145.9,0
NW000465,sme_distressed,24.8,26.4,-0.1,17,372.23,1
NW000466,gig_worker,26.9,22.6,-1.6,28,81.94,0
NW000467,stretched_salaried,45.4,43.5,-2.0,0,2906.51,0
NW000468,sme_seasonal,58.5,71.2,6.8,0,3939.63,0
NW000469,stretched_salaried,46.9,41.9,-10.4,0,3285.16,0
NW000470,sme_distressed,29.7,26.3,-6.9,30,-158.0,0
NW000471,stable_salaried,89.5,75.8,-13.2,0,6477.1,0
NW000472,sme_distressed,28.2,31.1,3.1,0,2703.27,1
NW000473,stable_salaried,56.2,54.9,-1.7,0,8255.39,0
NW000474,sme_seasonal,39.5,35.3,-6.7,0,6598.56,0
NW000475,freelancer,33.5,41.2,2.4,0,6890.5,0
NW000476,sme_distressed,21.9,13.3,-15.1,0,1246.82,1
NW000477,stable_salaried,76.2,80.8,-3.7,0,7991.6,0
NW000478,freelancer,36.8,33.3,-6.5,0,3340.84,0
NW000479,sme_distressed,4.1,0.0,-7.2,0,729.64,0
NW000480,freelancer,61.3,60.1,0.5,0,3321.85,1
NW000481,young_professional,51.5,53.2,0.2,0,3708.17,0
NW000482,young_professional,43.7,47.4,-0.8,0,3207.87,0
NW000483,gig_worker,34.3,36.1,-4.8,0,899.27,0
NW000484,young_professional,71.0,64.8,-2.0,0,3837.67,0
NW000485,young_professional,46.7,50.3,-3.6,0,2554.46,0
NW000486,sme_distressed,40.0,18.5,-16.1,30,-217.16,0
NW000487,stable_salaried,59.9,55.5,-7.5,0,7263.91,0
NW000488,stretched_salaried,6.4,15.3,1.4,0,2606.61,0
NW000489,sme_distressed,22.9,19.9,-1.6,0,972.92,0
NW000490,sme_seasonal,31.0,28.7,-0.8,0,1146.26,0
NW000491,gig_worker,72.2,74.7,1.1,0,2389.86,0
NW000492,young_professional,45.6,46.6,-3.6,0,1995.7,0
NW000493,stretched_salaried,22.6,16.5,-14.5,0,2211.47,0
NW000494,stable_salaried,80.7,86.6,2.9,0,7149.29,0
NW000495,gig_worker,34.1,27.7,-5.2,0,3080.07,0
NW000496,gig_worker,50.9,50.5,-3.2,0,1035.03,0
NW000497,young_professional,60.1,63.5,-4.7,0,3853.18,0
NW000498,stable_salaried,75.7,66.9,-10.5,0,10502.59,0
NW000499,sme_distressed,21.7,18.6,-5.3,0,2599.59,0
NW000500,sme_distressed,9.0,6.2,-2.0,0,719.38,0
NW000501,young_professional,36.2,33.8,-7.3,0,4514.01,0
NW000502,freelancer,54.8,49.1,-6.0,0,5757.81,0
NW000503,stretched_salaried,50.5,54.8,1.1,29,146.28,0
NW000504,sme_seasonal,50.9,56.2,-6.2,0,2872.56,0
NW000505,young_professional,35.8,27.1,-9.9,0,2261.62,0
NW000506,stable_salaried,76.5,70.3,-6.8,0,8820.45,0
NW000507,sme_distressed,36.2,40.5,-4.3,0,822.6,0
NW000508,sme_seasonal,58.3,38.2,-16.6,7,386.8,0
NW000509,sme_distressed,23.7,21.4,-9.1,1,658.78,0
NW000510,near_retiree,92.9,80.5,-5.9,0,9809.8,0
NW000511,young_professional,44.0,37.7,-10.2,0,4128.43,0
NW000512,gig_worker,65.3,60.8,-6.8,0,1052.13,1
NW000513,sme_distressed,32.8,25.5,-11.4,0,1115.01,0
NW000514,sme_seasonal,42.8,37.6,-10.4,0,2177.0,0
NW000515,stable_salaried,70.5,73.3,-6.6,0,9247.46,0
NW000516,stable_salaried,60.8,64.6,-1.8,0,8401.8,0
NW000517,gig_worker,34.3,24.5,-6.3,16,281.91,1
NW000518,sme_seasonal,42.5,49.2,-2.8,0,4579.98,0
NW000519,sme_distressed,36.8,34.3,2.5,0,1833.21,0
NW000520,stable_salaried,89.0,84.1,-6.2,0,7452.04,0
NW000521,young_professional,64.0,66.9,3.4,0,2295.64,0
NW000522,gig_worker,22.2,16.8,-11.6,0,4398.29,0
NW000523,sme_distressed,37.5,37.0,-1.7,0,1391.52,1
NW000524,sme_seasonal,48.4,54.7,1.2,0,8287.46,0
NW000525,sme_seasonal,34.7,30.3,-11.4,0,3370.66,0
NW000526,gig_worker,37.0,41.0,-0.1,0,2698.07,0
NW000527,gig_worker,45.3,49.3,1.6,0,852.57,1
NW000528,stretched_salaried,22.4,18.1,-9.7,0,1815.17,0
NW000529,stable_salaried,71.7,57.0,-12.5,0,7977.8,0
NW000530,sme_seasonal,41.8,29.2,-10.7,0,4466.66,0
NW000531,sme_seasonal,36.8,29.1,-9.3,0,3885.53,0
NW000532,sme_distressed,18.4,26.0,-2.4,30,-318.87,2
NW000533,sme_distressed,17.7,27.6,2.1,0,1083.99,0
NW000534,freelancer,32.7,32.9,-4.2,0,3630.96,0
NW000535,near_retiree,76.5,67.5,-8.5,0,23294.84,0
NW000536,sme_distressed,43.4,45.1,5.8,0,828.81,0
NW000537,sme_seasonal,53.2,62.0,6.2,0,10094.82,0
NW000538,stretched_salaried,54.4,52.1,-5.7,0,1832.51,1
NW000539,gig_worker,43.2,38.8,-3.0,1,566.02,0
NW000540,stable_salaried,59.3,60.1,-5.5,0,8767.64,0
NW000541,sme_distressed,43.0,43.7,-1.5,0,2029.1,0
NW000542,young_professional,44.3,44.0,-3.7,0,1016.02,0
NW000543,stretched_salaried,23.4,31.9,1.4,0,2043.41,1
NW000544,young_professional,32.1,33.2,-0.8,0,2152.38,0
NW000545,young_professional,43.7,30.1,-17.6,0,2791.39,0
NW000546,gig_worker,26.5,21.0,-11.4,0,3584.3,1
NW000547,stable_salaried,77.5,72.7,-0.3,0,9531.5,0
NW000548,young_professional,55.8,56.6,-6.8,0,4932.9,1
NW000549,freelancer,55.9,61.7,1.6,0,1100.96,0
NW000550,near_retiree,88.9,82.1,-8.0,0,17760.57,0
NW000551,freelancer,79.8,81.3,-3.2,0,3405.81,0
NW000552,sme_seasonal,60.5,53.4,-12.0,0,5518.89,0
NW000553,freelancer,33.3,27.3,-8.2,1,656.97,0
NW000554,freelancer,46.8,62.8,7.0,0,3489.84,0
NW000555,sme_seasonal,36.1,35.8,-1.2,0,5215.19,0
NW000556,gig_worker,41.5,47.7,-4.1,0,2208.63,0
NW000557,stable_salaried,81.4,86.0,-0.2,0,8465.25,0
NW000558,stable_salaried,64.1,79.1,1.9,0,8582.97,0
NW000559,near_retiree,60.7,50.3,-16.2,0,25311.47,0
NW000560,young_professional,46.7,46.5,-5.1,0,2595.02,0
NW000561,near_retiree,69.5,86.3,9.5,0,8888.55,0
NW000562,stretched_salaried,41.6,41.4,1.9,1,640.55,0
NW000563,stable_salaried,84.3,77.7,-1.8,0,8012.13,0
NW000564,stable_salaried,70.0,69.6,-7.1,0,8067.22,0
NW000565,gig_worker,35.7,35.5,-2.9,0,5795.75,0
NW000566,young_professional,45.3,46.7,-5.7,0,3045.16,0
NW000567,gig_worker,33.1,40.0,-4.0,0,2327.22,0
NW000568,gig_worker,16.5,24.5,3.3,0,1936.26,0
NW000569,sme_distressed,34.0,34.8,-1.8,0,747.14,0
NW000570,stretched_salaried,28.9,26.1,-8.9,0,1930.33,0
NW000571,freelancer,54.0,47.2,-10.4,0,5577.4,0
NW000572,sme_seasonal,24.8,20.4,-5.3,0,1422.05,0
NW000573,gig_worker,39.0,26.8,-11.1,0,2926.56,0
NW000574,young_professional,59.5,56.9,-0.7,0,1705.39,0
NW000575,sme_seasonal,31.6,28.0,-6.6,0,1910.3,0
NW000576,sme_distressed,14.2,4.4,-15.1,15,398.1,0
NW000577,stable_salaried,56.7,54.5,-8.8,0,8111.84,0
NW000578,sme_distressed,20.2,8.2,-19.6,30,5.39,0
NW000579,freelancer,59.5,58.4,-3.6,0,2739.61,0
NW000580,stretched_salaried,49.5,39.3,-9.7,0,722.95,1
NW000581,gig_worker,21.6,25.0,1.7,0,2396.48,0
NW000582,sme_distressed,31.6,37.8,4.4,3,429.47,0
NW000583,freelancer,45.4,43.9,-5.9,0,4469.51,0
NW000584,stretched_salaried,38.7,33.2,-6.6,0,857.48,0
NW000585,young_professional,39.8,44.7,2.3,0,1349.35,0
NW000586,stretched_salaried,19.1,23.8,-2.1,0,3190.61,0
NW000587,stable_salaried,77.4,75.0,-4.2,0,9761.79,0
NW000588,stable_salaried,74.2,79.6,-1.0,0,10124.85,0
NW000589,stable_salaried,71.9,69.2,-4.5,0,7424.72,0
NW000590,stable_salaried,83.3,86.2,-2.4,0,8371.57,0
NW000591,stable_salaried,64.0,69.7,-3.7,0,9761.1,0
NW000592,young_professional,58.4,55.0,-9.0,0,2624.69,0
NW000593,stable_salaried,70.3,66.7,-7.5,0,8653.22,0
NW000594,stretched_salaried,35.8,25.0,-9.6,0,1813.75,1
NW000595,sme_seasonal,56.6,54.7,-2.4,0,3679.46,0
NW000596,freelancer,24.9,28.1,-5.4,0,4487.71,0
NW000597,young_professional,52.6,51.9,-6.9,0,2039.23,1
NW000598,stable_salaried,70.2,77.5,5.9,0,8615.97,0
NW000599,stable_salaried,62.2,57.2,-12.0,0,7020.7,0
NW000600,stable_salaried,65.7,59.0,-5.8,0,7159.6,0
NW000601,stable_salaried,70.3,59.0,-13.9,0,7722.03,0
NW000602,stretched_salaried,22.9,19.9,-6.7,30,15.96,0
NW000603,stable_salaried,66.2,64.9,-6.0,0,8890.42,0
NW000604,stable_salaried,73.7,80.3,-2.8,0,8885.93,0
NW000605,stable_salaried,62.9,61.0,-4.7,0,8981.34,0
NW000606,gig_worker,39.6,41.4,0.4,0,993.28,0
NW000607,stretched_salaried,22.7,8.4,-14.3,0,2130.42,0
NW000608,gig_worker,67.6,66.7,-3.4,0,3900.83,0
NW000609,freelancer,50.4,54.8,1.7,0,5187.23,0
NW000610,young_professional,54.3,54.3,-4.9,0,1005.51,0
NW000611,stable_salaried,65.4,76.1,4.4,0,8785.45,0
NW000612,sme_seasonal,64.8,57.5,-8.4,0,4153.35,0
NW000613,young_professional,49.5,50.8,-0.1,0,3692.97,0
NW000614,stable_salaried,88.1,89.7,4.9,0,8144.07,0
NW000615,sme_seasonal,33.9,39.7,-4.4,0,3114.17,0
NW000616,sme_distressed,29.2,34.9,2.0,0,2441.08,0
NW000617,stable_salaried,67.7,59.0,-6.3,0,7285.44,0
NW000618,stretched_salaried,59.2,49.9,-5.6,0,3152.63,0
NW000619,sme_seasonal,51.6,49.7,1.3,0,4202.29,0
NW000620,near_retiree,80.6,63.0,-12.6,0,25077.17,0
NW000621,stable_salaried,77.0,74.5,-5.1,0,7200.35,0
NW000622,stretched_salaried,5.3,2.7,-5.3,0,2056.07,2
NW000623,gig_worker,15.0,11.9,-4.9,0,2649.4,0
NW000624,freelancer,43.4,37.4,-3.1,0,5366.13,0
NW000625,young_professional,46.8,48.0,-3.3,0,912.38,0
NW000626,gig_worker,46.2,38.4,-4.5,0,1391.44,0
NW000627,gig_worker,21.3,32.8,0.3,0,3052.17,0
NW000628,near_retiree,63.6,61.9,-3.5,0,16772.61,0
NW000629,stable_salaried,64.9,60.0,-13.7,0,7040.53,0
NW000630,stretched_salaried,49.6,51.6,-6.5,0,2827.16,1
NW000631,near_retiree,85.9,83.2,-3.4,0,10215.48,0
NW000632,sme_seasonal,56.4,50.9,-4.1,0,4742.05,0
NW000633,freelancer,54.3,53.6,1.5,0,3309.83,0
NW000634,freelancer,33.5,33.9,-6.1,0,1867.43,0
NW000635,stable_salaried,71.8,66.1,-3.7,0,6809.04,0
NW000636,gig_worker,15.2,23.8,-0.2,1,600.3,0
NW000637,freelancer,32.0,27.6,-7.4,30,-914.3,0
NW000638,stretched_salaried,35.0,24.5,-9.4,0,3550.66,0
NW000639,stretched_salaried,26.6,26.7,-4.5,0,1166.27,0
NW000640,gig_worker,28.6,21.1,-6.9,0,2091.06,1
NW000641,stable_salaried,72.9,65.8,-4.5,0,8363.29,0
NW000642,stretched_salaried,32.4,25.4,-13.8,0,2182.02,1
NW000643,stretched_salaried,27.8,30.0,1.2,30,-325.7,0
NW000644,stretched_salaried,52.9,50.0,-1.7,0,1290.53,0
NW000645,stable_salaried,74.3,70.3,-4.1,0,8098.22,0
NW000646,sme_seasonal,52.0,39.6,-14.3,0,4071.32,0
NW000647,young_professional,50.7,55.1,-0.6,0,4975.74,0
NW000648,young_professional,65.7,68.9,6.3,0,3580.44,0
NW000649,sme_seasonal,69.9,56.3,-15.9,0,1902.82,0
NW000650,freelancer,36.7,39.1,1.5,9,287.91,1
NW000651,stable_salaried,74.0,78.8,-0.1,0,8918.49,0
NW000652,freelancer,63.1,64.4,-0.8,0,1469.81,0
NW000653,young_professional,68.9,59.1,-12.6,0,2615.84,0
NW000654,near_retiree,81.5,82.8,-0.8,0,11503.26,0
NW000655,gig_worker,40.3,48.6,4.2,0,2293.62,0
NW000656,stable_salaried,41.5,38.0,-12.0,0,7466.61,0
NW000657,stretched_salaried,33.3,37.8,1.5,1,628.82,0
NW000658,gig_worker,33.9,37.7,-3.0,0,2125.15,0
NW000659,young_professional,52.4,44.9,-9.9,0,4199.9,0
NW000660,young_professional,44.9,48.0,-3.9,0,1730.53,0
NW000661,gig_worker,30.5,18.6,-14.7,12,324.36,1
NW000662,sme_distressed,15.5,14.8,-5.3,0,1390.33,0
NW000663,young_professional,51.4,49.2,-7.1,0,4567.45,1
NW000664,stretched_salaried,42.5,37.4,-4.5,0,1567.99,0
NW000665,stable_salaried,84.1,82.5,-5.9,0,10470.51,0
NW000666,stable_salaried,89.9,79.8,-11.4,0,7640.27,0
NW000667,stretched_salaried,36.5,33.4,-9.4,0,1390.62,0
NW000668,stable_salaried,69.3,68.0,-4.6,0,10378.25,0
NW000669,stable_salaried,60.4,50.7,-11.3,0,5752.08,0
NW000670,stretched_salaried,26.5,39.1,3.2,30,-240.6,0
NW000671,stable_salaried,70.4,77.8,10.8,0,9810.87,0
NW000672,sme_seasonal,41.6,42.1,-4.5,0,8683.84,0
NW000673,stable_salaried,70.4,65.1,-5.3,0,9037.35,0
NW000674,freelancer,25.9,39.0,1.6,0,1769.88,0
NW000675,gig_worker,46.8,44.7,1.3,30,-361.02,0
NW000676,sme_distressed,19.9,8.9,-7.6,0,1832.22,0
NW000677,stable_salaried,61.4,67.5,-4.5,0,6407.7,0
NW000678,gig_worker,11.8,14.3,-6.8,0,1346.82,1
NW000679,sme_distressed,30.0,27.9,-6.5,0,1276.41,0
NW000680,sme_seasonal,51.5,61.2,9.2,0,5423.41,0
NW000681,sme_seasonal,30.8,30.9,3.7,0,7985.98,0
NW000682,stretched_salaried,39.0,42.8,-4.2,5,508.04,0
NW000683,stable_salaried,67.3,66.8,-0.7,0,9234.94,0
NW000684,young_professional,59.0,53.1,-7.7,0,3390.97,0
NW000685,sme_distressed,51.5,54.3,2.1,0,1475.96,0
NW000686,freelancer,62.6,56.2,-6.6,21,93.12,0
NW000687,young_professional,60.4,55.0,-6.5,0,3586.59,0
NW000688,stretched_salaried,30.5,33.8,-4.7,0,953.81,0
NW000689,near_retiree,70.0,76.1,-3.1,0,19070.56,0
NW000690,stable_salaried,76.9,59.1,-14.3,0,8847.91,0
NW000691,stretched_salaried,24.1,19.4,-15.0,0,3728.79,0
NW000692,gig_worker,59.9,60.6,-1.7,4,451.02,1
NW000693,freelancer,36.6,37.9,-9.0,0,1934.84,0
NW000694,stretched_salaried,27.0,22.9,-9.7,0,2002.66,0
NW000695,stable_salaried,64.8,71.2,0.5,0,9990.66,0
NW000696,young_professional,56.3,54.7,-5.6,0,1473.39,0
NW000697,stretched_salaried,42.7,48.8,0.8,0,2695.28,0
NW000698,young_professional,34.6,27.0,-7.1,0,3559.16,0
NW000699,stable_salaried,78.4,79.8,1.7,0,8568.57,0
NW000700,freelancer,59.6,64.4,-0.8,0,3648.62,0
NW000701,freelancer,61.1,49.3,-8.9,0,4200.89,0
NW000702,stable_salaried,78.4,73.7,-6.7,0,9622.69,0
NW000703,stretched_salaried,49.8,54.3,-4.6,0,2224.34,0
NW000704,stable_salaried,64.4,63.6,-9.9,0,7867.53,0
NW000705,stable_salaried,71.0,53.8,-16.7,0,6766.31,0
NW000706,sme_distressed,16.2,13.8,-9.3,0,1790.78,0
NW000707,stretched_salaried,32.2,27.6,-11.6,0,2936.13,0
NW000708,sme_seasonal,54.3,54.4,0.3,0,5060.16,0
NW000709,stretched_salaried,44.4,39.2,-5.0,0,702.75,0
NW000710,young_professional,72.4,66.8,-8.2,0,3362.28,0
NW000711,near_retiree,49.6,64.4,1.4,0,11567.88,0
NW000712,young_professional,47.9,39.8,-6.5,0,4948.03,0
NW000713,freelancer,39.3,42.0,-0.3,0,3881.52,0
NW000714,gig_worker,32.9,7.3,-28.3,30,-637.49,0
NW000715,stretched_salaried,27.5,31.6,-4.4,30,-421.13,0
NW000716,sme_distressed,16.3,11.8,-6.7,28,150.29,0
NW000717,sme_seasonal,24.5,41.3,7.5,0,5381.34,0
NW000718,sme_distressed,18.4,20.0,-4.4,0,1619.82,1
NW000719,stable_salaried,71.7,66.3,-10.9,0,8165.78,0
NW000720,near_retiree,73.5,72.1,-4.9,0,17434.5,0
NW000721,sme_distressed,15.5,11.5,-4.9,0,833.59,0
NW000722,stable_salaried,62.3,64.0,-7.3,0,6266.29,0
NW000723,stable_salaried,64.3,60.7,-7.9,0,8336.53,0
NW000724,near_retiree,82.7,93.3,2.1,0,19541.6,0
NW000725,young_professional,27.0,25.0,-12.6,0,2225.88,0
NW000726,sme_seasonal,38.8,28.1,-11.4,0,4872.77,0
NW000727,stable_salaried,62.7,69.6,-2.7,0,10849.4,0
NW000728,sme_seasonal,58.0,53.3,-9.0,0,2527.28,0
NW000729,stretched_salaried,29.2,31.4,-2.7,0,1200.62,0
NW000730,stable_salaried,76.5,72.2,-8.8,0,9412.45,0
NW000731,stable_salaried,79.4,72.8,-7.4,0,9297.78,0
NW000732,sme_seasonal,34.7,37.2,-3.7,0,4117.61,0
NW000733,young_professional,69.0,77.2,8.1,0,3429.6,0
NW000734,freelancer,40.4,47.9,7.5,13,192.54,0
NW000735,gig_worker,53.0,56.9,0.9,0,2054.9,0
NW000736,sme_seasonal,51.2,57.7,-0.2,0,2703.35,0
NW000737,gig_worker,34.4,41.9,3.6,0,2887.97,0
NW000738,sme_seasonal,25.7,20.1,-5.6,0,8051.05,0
NW000739,gig_worker,37.3,33.9,-11.3,30,-344.98,1
NW000740,gig_worker,27.6,28.2,-3.2,0,1661.81,1
NW000741,gig_worker,21.2,14.9,-11.7,0,1462.92,0
NW000742,stretched_salaried,41.8,44.0,-2.0,0,939.37,0
NW000743,near_retiree,97.4,85.0,-1.7,0,13665.29,0
NW000744,freelancer,28.9,27.6,-11.2,0,7187.02,0
NW000745,stretched_salaried,28.7,18.6,-5.9,0,2607.66,1
NW000746,sme_seasonal,41.5,32.2,-11.6,0,4197.46,0
NW000747,gig_worker,38.6,33.9,-4.6,0,1102.14,0
NW000748,freelancer,53.9,50.5,-2.0,0,3525.22,0
NW000749,sme_distressed,31.2,22.1,-6.9,30,-249.64,0
NW000750,young_professional,49.4,39.1,-19.1,0,3747.79,0
NW000751,stable_salaried,79.6,82.4,-1.5,0,5924.12,0
NW000752,sme_distressed,20.2,10.9,-9.5,0,1054.7,0
NW000753,young_professional,70.5,69.5,-6.4,0,1528.27,0
NW000754,stretched_salaried,28.1,15.9,-13.7,0,4990.16,0
NW000755,stable_salaried,72.0,84.3,8.7,0,6741.63,0
NW000756,sme_seasonal,57.0,63.3,2.0,0,3128.27,0
NW000757,young_professional,67.5,50.0,-17.3,0,2508.58,0
NW000758,freelancer,47.0,48.4,-8.2,0,7634.05,0
NW000759,sme_seasonal,56.2,50.2,-5.3,0,3324.32,0
NW000760,sme_seasonal,45.5,46.7,-5.0,0,7057.4,0
NW000761,stable_salaried,71.2,67.1,-9.8,0,9212.03,1
NW000762,stretched_salaried,22.2,30.7,0.6,0,1390.26,0
NW000763,stretched_salaried,34.1,26.5,-8.0,0,969.73,0
NW000764,near_retiree,60.5,43.5,-17.8,0,14744.44,1
NW000765,stable_salaried,90.1,86.7,-6.5,0,8588.27,0
NW000766,freelancer,55.4,50.0,-4.6,0,2108.86,0
NW000767,near_retiree,68.9,74.9,1.0,0,8720.55,0
NW000768,sme_seasonal,58.4,65.8,3.2,0,3698.93,0
NW000769,stretched_salaried,45.8,47.2,-1.3,30,-65.82,0
NW000770,sme_seasonal,80.2,65.1,-12.2,0,4278.99,0
NW000771,stable_salaried,69.0,69.7,-0.0,0,7847.21,0
NW000772,sme_seasonal,40.3,46.0,0.0,0,4108.28,0
NW000773,stable_salaried,68.5,66.1,-4.5,0,8159.74,0
NW000774,gig_worker,62.2,67.5,4.7,0,767.98,0
NW000775,sme_seasonal,37.0,39.2,-6.5,0,2155.22,0
NW000776,stable_salaried,53.8,50.0,-10.0,0,7783.62,1
NW000777,stretched_salaried,44.7,51.6,3.9,0,1069.49,1
NW000778,near_retiree,56.9,64.7,0.0,0,9476.21,0
NW000779,near_retiree,80.0,69.5,-10.2,0,18516.54,0
NW000780,young_professional,51.8,64.2,2.6,0,940.7,0
NW000781,young_professional,38.7,32.9,-11.9,0,3340.57,0
NW000782,freelancer,68.2,60.9,-4.7,0,3645.96,0
NW000783,stretched_salaried,53.8,55.2,-3.9,0,1343.04,0
NW000784,stretched_salaried,33.9,37.7,-5.7,0,1913.89,0
NW000785,stable_salaried,79.8,77.6,-1.6,0,8441.54,0
NW000786,sme_distressed,27.8,25.4,-4.5,19,378.39,0
NW000787,young_professional,57.2,53.1,-4.7,0,4521.57,0
NW000788,gig_worker,46.4,36.2,-12.6,6,353.24,1
NW000789,gig_worker,54.9,57.1,-3.9,0,3633.04,1
NW000790,sme_distressed,37.5,44.4,5.3,0,813.89,1
NW000791,stable_salaried,63.6,62.0,-2.7,0,7065.14,0
NW000792,young_professional,55.3,45.5,-14.5,0,1243.51,0
NW000793,freelancer,52.2,54.6,-3.3,0,930.48,0
NW000794,young_professional,46.7,44.8,-10.0,0,4058.0,0
NW000795,stable_salaried,83.2,92.3,6.4,0,7410.57,0
NW000796,sme_seasonal,65.1,67.7,-4.9,0,6318.66,0
NW000797,sme_distressed,19.8,9.2,-10.7,0,1899.99,0
NW000798,freelancer,51.7,53.1,-0.5,0,3740.94,0
NW000799,young_professional,51.4,51.5,-4.7,0,2830.35,0
NW000800,sme_distressed,18.2,3.4,-16.3,0,1875.17,1
NW000801,near_retiree,72.2,72.0,1.9,0,11973.79,0
NW000802,stable_salaried,53.1,57.1,-1.0,0,7069.18,0
NW000803,young_professional,37.5,42.8,-2.0,0,3241.11,0
NW000804,young_professional,53.5,45.2,-7.7,0,3292.67,0
NW000805,gig_worker,36.7,40.8,-3.6,0,2488.34,1
NW000806,near_retiree,61.7,54.4,-8.7,0,15841.59,0
NW000807,sme_distressed,19.1,20.0,1.8,0,1414.47,0
NW000808,sme_distressed,40.0,27.4,-11.1,0,2482.39,0
NW000809,gig_worker,40.0,33.7,-15.5,0,2314.14,0
NW000810,stable_salaried,73.2,70.9,-9.0,0,9170.68,0
NW000811,sme_distressed,38.2,43.6,2.1,0,1562.32,1
NW000812,sme_seasonal,53.1,49.0,-7.2,30,-523.17,0
NW000813,stable_salaried,76.5,73.0,-4.5,0,8779.82,0
NW000814,sme_distressed,42.1,42.0,-1.1,30,-654.89,0
NW000815,sme_seasonal,53.3,49.3,-10.7,0,1709.59,0
NW000816,freelancer,37.8,30.8,-4.2,0,2119.55,0
NW000817,young_professional,32.7,34.0,-5.2,0,2345.1,0
NW000818,gig_worker,49.2,51.6,-0.0,0,2834.68,0
NW000819,stable_salaried,57.9,56.7,-9.3,0,8075.57,0
NW000820,stretched_salaried,55.2,62.2,1.7,0,1692.36,0
NW000821,sme_seasonal,65.1,58.8,-4.4,0,7475.44,0
NW000822,stable_salaried,81.9,75.8,-5.5,0,8531.12,0
NW000823,stretched_salaried,20.3,19.7,-7.5,0,659.84,1
NW000824,gig_worker,15.8,3.4,-11.6,0,952.76,0
NW000825,freelancer,22.0,27.4,0.1,0,2882.52,0
NW000826,sme_distressed,0.0,2.8,2.5,0,1593.53,0
NW000827,stretched_salaried,44.9,36.3,-5.2,0,1349.11,0
NW000828,stretched_salaried,35.0,36.0,-6.1,0,1741.89,0
NW000829,near_retiree,68.0,71.8,-4.0,0,12730.87,0
NW000830,gig_worker,43.8,35.7,-2.4,0,3518.45,0
NW000831,stretched_salaried,13.6,8.1,-9.6,0,1439.6,0
NW000832,gig_worker,30.9,16.9,-10.3,0,2245.26,0
NW000833,stable_salaried,70.0,58.7,-12.3,0,7924.99,0
NW000834,stable_salaried,76.4,82.5,1.3,0,8552.18,0
NW000835,freelancer,47.7,46.2,-8.3,0,1275.27,0
NW000836,gig_worker,56.7,45.0,-13.3,0,1018.46,0
NW000837,sme_distressed,28.5,28.9,-3.3,1,623.76,0
NW000838,gig_worker,35.6,49.6,3.3,0,1233.6,0
NW000839,young_professional,56.8,52.4,-1.5,0,2286.68,0
NW000840,young_professional,46.4,31.6,-10.8,0,4209.34,0
NW000841,stable_salaried,57.2,73.3,8.1,0,6653.05,0
NW000842,young_professional,39.0,34.7,-11.2,0,3599.67,0
NW000843,stable_salaried,71.0,67.1,-9.5,0,8411.92,0
NW000844,sme_distressed,4.3,14.3,2.1,0,2001.84,1
NW000845,stable_salaried,71.6,67.1,-7.7,0,9642.44,0
NW000846,gig_worker,30.3,39.6,1.6,0,2205.47,0
NW000847,stable_salaried,82.2,83.9,-0.2,0,7449.84,0
NW000848,sme_distressed,44.7,29.2,-14.9,30,-503.7,0
NW000849,freelancer,39.2,29.3,-12.3,0,4019.41,0
NW000850,young_professional,58.6,62.8,-1.6,0,912.88,0
NW000851,stable_salaried,66.9,53.6,-14.9,0,8609.87,0
NW000852,near_retiree,60.0,66.1,-0.1,0,14879.96,0
NW000853,stretched_salaried,26.4,33.4,-1.8,17,254.86,0
NW000854,sme_seasonal,44.6,39.9,-7.0,0,8765.19,0
NW000855,stretched_salaried,26.7,36.0,3.7,30,-492.31,0
NW000856,stable_salaried,81.0,69.2,-11.9,0,7051.13,2
NW000857,stable_salaried,73.8,72.2,-7.4,0,10702.36,0
NW000858,freelancer,42.9,36.4,-7.6,0,3102.75,0
NW000859,freelancer,69.9,59.1,-11.3,16,210.52,0
NW000860,stable_salaried,51.7,49.3,-5.2,0,8016.29,0
NW000861,near_retiree,57.0,44.0,-12.7,0,5316.48,0
NW000862,gig_worker,8.8,12.1,2.1,0,1077.46,0
NW000863,freelancer,16.2,8.1,-13.3,0,4428.63,0
NW000864,gig_worker,4.5,11.1,-1.0,30,-0.42,0
NW000865,gig_worker,37.3,39.7,-4.4,0,2827.6,0
NW000866,freelancer,43.2,37.9,-7.1,0,4530.74,0
NW000867,stable_salaried,68.5,52.9,-20.5,0,11770.13,0
NW000868,stable_salaried,69.9,62.7,-7.1,0,11012.85,0
NW000869,sme_seasonal,41.5,34.7,-3.5,0,3805.52,0
NW000870,sme_distressed,3.6,14.8,2.4,0,1670.86,0
NW000871,gig_worker,19.9,36.4,7.0,29,-68.97,0
NW000872,stretched_salaried,4.7,11.4,-4.6,8,546.15,0
NW000873,young_professional,54.0,51.7,-9.0,0,4000.25,0
NW000874,gig_worker,26.5,14.8,-12.0,0,805.29,0
NW000875,stable_salaried,77.8,77.8,-1.8,0,8750.62,0
NW000876,stable_salaried,62.5,56.6,-11.2,0,9130.93,0
NW000877,near_retiree,66.9,57.5,-12.4,0,13754.09,1
NW000878,young_professional,40.4,32.8,-13.5,0,3497.64,0
NW000879,stable_salaried,79.4,80.6,-0.2,0,8469.08,0
NW000880,stretched_salaried,37.4,31.0,-2.9,30,-449.59,0
NW000881,stretched_salaried,44.1,30.9,-16.8,0,2535.99,0
NW000882,young_professional,58.5,61.7,-2.3,0,2171.34,0
NW000883,stable_salaried,82.8,81.3,0.1,0,8567.66,0
NW000884,stable_salaried,55.4,51.3,-9.8,0,7733.77,1
NW000885,sme_seasonal,41.7,24.5,-17.3,0,3746.62,0
NW000886,stable_salaried,74.9,66.6,-8.6,0,7199.04,0
NW000887,young_professional,32.9,27.9,-11.7,0,3327.44,0
NW000888,stretched_salaried,38.8,47.9,-1.7,0,675.77,0
NW000889,stable_salaried,62.2,66.3,3.5,0,10802.79,0
NW000890,stretched_salaried,41.4,37.0,-6.0,8,493.49,0
NW000891,near_retiree,73.2,72.0,-7.3,0,15733.63,1
NW000892,sme_seasonal,51.1,58.2,4.7,0,2847.86,0
NW000893,sme_seasonal,70.6,70.6,-0.3,0,1049.65,0
NW000894,gig_worker,61.3,57.8,-4.8,0,1350.88,1
NW000895,young_professional,50.5,48.9,-2.9,0,2429.5,0
NW000896,stretched_salaried,31.4,36.7,-2.5,1,689.51,0
NW000897,stretched_salaried,30.6,28.8,-9.9,0,2128.81,0
NW000898,sme_seasonal,49.6,44.0,-9.1,0,3856.38,0
NW000899,stable_salaried,80.5,62.3,-12.0,0,8650.01,0
NW000900,stable_salaried,64.2,57.4,-9.1,0,8757.26,0
NW000901,stretched_salaried,27.6,22.3,-11.7,0,2120.17,1
NW000902,stable_salaried,71.4,72.4,0.9,0,6972.45,0
NW000903,stable_salaried,70.5,68.1,-10.6,0,9699.24,0
NW000904,young_professional,36.1,33.7,-7.8,0,3457.98,0
NW000905,gig_worker,34.7,39.3,-2.6,0,2716.35,0
NW000906,sme_seasonal,21.6,22.7,-8.5,0,6391.67,0
NW000907,sme_seasonal,25.7,32.1,2.4,0,6564.4,0
NW000908,stretched_salaried,42.7,33.0,-10.3,30,-87.51,0
NW000909,stretched_salaried,22.4,16.3,-1.6,30,77.39,0
NW000910,gig_worker,43.8,35.3,-12.7,0,3447.24,0
NW000911,young_professional,30.8,20.1,-16.8,0,5160.6,0
NW000912,stretched_salaried,23.3,26.0,-2.4,0,2184.39,1
NW000913,young_professional,46.8,37.1,-9.7,0,2468.06,0
NW000914,gig_worker,21.1,11.4,-8.7,0,1523.97,3
NW000915,freelancer,58.8,47.6,-15.4,0,1627.3,0
NW000916,gig_worker,54.5,60.2,1.6,0,3904.76,0
NW000917,stretched_salaried,34.7,38.9,-2.4,0,2177.53,1
NW000918,sme_distressed,38.7,38.4,-4.3,0,1541.26,0
NW000919,near_retiree,59.2,57.9,-3.2,0,8017.18,0
NW000920,stable_salaried,57.7,58.2,-3.7,0,9238.08,0
NW000921,sme_seasonal,45.9,36.1,-8.4,0,3899.72,0
NW000922,freelancer,34.1,38.7,-5.5,0,3125.88,0
NW000923,sme_seasonal,42.9,47.6,-4.3,0,5073.25,0
NW000924,sme_seasonal,25.0,19.7,-9.5,0,3132.91,0
NW000925,gig_worker,25.4,16.7,-13.6,0,1974.61,2
NW000926,stable_salaried,69.4,57.5,-14.8,0,7488.4,0
NW000927,stretched_salaried,57.8,43.8,-11.1,0,2195.63,0
NW000928,freelancer,35.9,30.3,-10.7,0,2326.61,0
NW000929,young_professional,48.3,39.3,-7.5,0,2943.81,0
NW000930,stretched_salaried,52.5,47.0,-9.7,0,2224.71,0
NW000931,stable_salaried,82.5,70.4,-8.7,0,6629.04,0
NW000932,sme_seasonal,52.2,45.3,-5.7,0,3297.98,0
NW000933,sme_distressed,12.9,9.7,-10.0,0,1602.16,0
NW000934,freelancer,44.3,39.8,-9.4,0,2953.53,0
NW000935,stable_salaried,69.9,77.7,-4.5,0,6943.55,0
NW000936,stretched_salaried,35.2,31.0,-7.0,0,3644.63,0
NW000937,stable_salaried,57.2,64.1,-0.0,0,11775.51,0
NW000938,sme_distressed,7.5,16.5,1.8,0,961.61,1
NW000939,stable_salaried,68.7,77.6,3.2,0,8790.19,0
NW000940,young_professional,54.0,49.1,-5.2,0,2671.89,0
NW000941,stretched_salaried,23.2,22.4,-3.5,18,355.46,0
NW000942,freelancer,48.2,46.2,-10.5,0,6444.99,0
NW000943,young_professional,67.5,54.9,-10.8,0,3095.83,0
NW000944,sme_seasonal,56.5,63.6,3.5,0,3110.64,0
NW000945,stretched_salaried,42.8,41.8,-1.4,0,1714.17,0
NW000946,stable_salaried,65.0,82.7,9.6,0,7002.81,0
NW000947,stable_salaried,70.6,64.8,-6.7,0,7935.9,0
NW000948,sme_distressed,22.0,20.4,-6.0,30,144.43,0
NW000949,sme_seasonal,47.0,56.4,5.8,0,7468.86,0
NW000950,young_professional,45.4,47.1,-1.8,0,1408.24,0
NW000951,young_professional,65.1,61.9,-1.7,0,3371.22,0
NW000952,young_professional,65.8,58.6,-3.7,0,3376.92,0
NW000953,stable_salaried,54.5,45.7,-10.4,0,9457.73,0
NW000954,sme_distressed,9.7,17.9,6.1,22,262.6,0
NW000955,gig_worker,17.9,26.7,1.2,0,2249.76,0
NW000956,gig_worker,28.9,29.6,0.4,30,-485.77,0
NW000957,freelancer,69.0,69.9,-0.3,0,3557.59,0
NW000958,stable_salaried,72.2,78.5,7.9,0,9238.97,0
NW000959,stable_salaried,68.5,72.5,-1.3,0,7690.58,0
NW000960,near_retiree,79.4,79.9,-1.3,0,11715.21,0
NW000961,stable_salaried,76.4,72.6,-1.8,0,8871.44,0
NW000962,young_professional,57.3,48.3,-9.7,0,2250.07,0
NW000963,stretched_salaried,43.7,47.5,2.9,0,2038.72,0
NW000964,gig_worker,25.9,31.7,2.5,0,3016.35,0
NW000965,stretched_salaried,29.9,33.2,-5.3,30,-416.69,0
NW000966,gig_worker,57.4,48.8,-19.2,0,2248.74,1
NW000967,near_retiree,57.9,61.3,-3.2,0,22311.63,0
NW000968,stretched_salaried,25.2,31.4,0.5,0,1031.99,0
NW000969,freelancer,54.5,61.6,2.0,0,1712.52,0
NW000970,freelancer,31.2,33.6,-7.2,0,2156.87,0
NW000971,young_professional,62.0,48.6,-14.2,0,3404.97,1
NW000972,sme_distressed,28.6,24.9,-6.4,0,2421.9,1
NW000973,near_retiree,56.5,70.7,4.0,0,15559.58,0
NW000974,stretched_salaried,38.9,47.1,3.5,0,1246.61,0
NW000975,stable_salaried,60.8,66.6,-0.3,0,5667.14,0
NW000976,stretched_salaried,6.4,8.3,-3.8,0,2169.58,0
NW000977,young_professional,34.9,36.9,-3.9,0,3683.43,0
NW000978,stable_salaried,84.5,74.4,-7.4,0,9182.38,0
NW000979,freelancer,32.8,31.3,-0.2,0,1922.79,0
NW000980,young_professional,60.5,65.1,-0.8,0,2890.1,0
NW000981,stretched_salaried,27.3,24.5,-8.9,0,1231.51,0
NW000982,near_retiree,63.4,71.7,4.8,0,17560.79,1
NW000983,stable_salaried,75.1,57.4,-11.6,0,9557.82,0
NW000984,stable_salaried,86.6,76.5,-6.9,0,9692.98,0
NW000985,near_retiree,61.5,53.7,-11.8,0,11206.28,0
NW000986,freelancer,40.8,45.4,-0.9,0,3300.84,0
NW000987,young_professional,40.0,41.8,-0.3,0,3294.79,0
NW000988,gig_worker,73.7,60.5,-12.5,0,2763.73,0
NW000989,stretched_salaried,44.3,42.0,-3.3,0,3421.8,0
NW000990,sme_seasonal,50.0,50.2,-4.1,0,5442.33,1
NW000991,sme_seasonal,53.1,48.3,-8.1,0,3552.02,0
NW000992,young_professional,45.0,29.9,-17.8,0,904.61,0
NW000993,stretched_salaried,33.3,31.1,-7.3,0,1146.96,0
NW000994,young_professional,80.1,57.5,-14.5,0,1536.44,0
NW000995,gig_worker,59.0,54.6,-5.9,0,3354.42,0
NW000996,stable_salaried,62.3,74.5,2.0,0,8880.81,0
NW000997,sme_distressed,26.2,30.1,-0.4,0,1333.97,0
NW000998,stable_salaried,79.8,81.7,0.9,0,9869.67,0
NW000999,sme_distressed,31.6,25.9,-11.2,0,1321.3,0
NW001000,gig_worker,39.0,31.7,-8.9,0,1571.11,0
