customer_id,segment,risk_tier,avg_fhs,green_days
NW000001,gig_worker,High,25.4,92
NW000002,sme_distressed,Medium,42.5,155
NW000003,near_retiree,Low,76.3,279
NW000004,young_professional,Medium,49.7,181
NW000005,stable_salaried,Low,80.8,295
NW000006,stable_salaried,Low,74.7,273
NW000007,stable_salaried,Low,80.3,293
NW000008,sme_seasonal,Medium,43.2,157
NW000009,young_professional,Medium,45.9,168
NW000010,near_retiree,Low,70.3,257
NW000011,stable_salaried,Low,76.2,279
NW000012,sme_distressed,High,28.5,104
NW000013,sme_seasonal,Medium,55.7,203
NW000014,stretched_salaried,High,28.4,104
NW000015,stable_salaried,Low,87.4,319
NW000016,stable_salaried,Medium,56.3,206
NW000017,stretched_salaried,Medium,53.8,196
NW000018,freelancer,Medium,55.9,204
NW000019,gig_worker,Low,68.3,250
NW000020,stretched_salaried,Medium,39.3,143
NW000021,young_professional,Low,74.4,272
NW000022,stable_salaried,Low,65.1,238
NW000023,stretched_salaried,High,25.2,92
NW000024,gig_worker,High,18.0,65
NW000025,gig_worker,Medium,56.8,207
NW000026,sme_seasonal,High,34.5,126
NW000027,stable_salaried,Low,72.6,265
NW000028,freelancer,Medium,35.0,128
NW000029,young_professional,Low,62.5,228
NW000030,stable_salaried,Low,66.7,244
NW000031,young_professional,Low,66.5,243
NW000032,stable_salaried,Low,76.7,280
NW000033,stable_salaried,Low,79.3,290
NW000034,sme_distressed,High,24.1,88
NW000035,sme_distressed,High,33.6,122
NW000036,sme_seasonal,Medium,47.9,175
NW000037,stretched_salaried,High,28.1,102
NW000038,stable_salaried,Low,60.5,221
NW000039,young_professional,Medium,52.3,191
NW000040,gig_worker,Medium,55.4,202
NW000041,stable_salaried,Low,82.9,303
NW000042,freelancer,High,21.7,79
NW000043,stable_salaried,Low,68.2,249
NW000044,sme_distressed,Medium,39.5,144
NW000045,stretched_salaried,High,28.2,103
NW000046,young_professional,Medium,56.6,207
NW000047,stretched_salaried,Medium,56.6,207
NW000048,freelancer,Medium,49.6,181
NW000049,freelancer,Medium,50.5,184
NW000050,stable_salaried,Low,80.4,294
NW000051,sme_distressed,High,27.5,100
NW000052,near_retiree,Low,73.9,270
NW000053,sme_distressed,High,19.5,71
NW000054,sme_seasonal,Medium,35.6,130
NW000055,young_professional,Medium,51.1,187
NW000056,sme_distressed,High,29.8,109
NW000057,stable_salaried,Low,69.0,252
NW000058,stable_salaried,Low,66.7,244
NW000059,stable_salaried,Low,83.4,305
NW000060,stretched_salaried,High,19.9,72
NW000061,gig_worker,Medium,39.5,144
NW000062,stretched_salaried,High,32.2,117
NW000063,sme_seasonal,Low,76.0,278
NW000064,gig_worker,Medium,39.2,143
NW000065,stretched_salaried,High,29.0,106
NW000066,freelancer,Medium,40.6,148
NW000067,stable_salaried,Low,68.6,251
NW000068,sme_seasonal,Medium,50.1,183
NW000069,stable_salaried,Medium,55.8,204
NW000070,sme_distressed,High,23.1,84
NW000071,near_retiree,Low,75.7,277
NW000072,stable_salaried,Low,67.3,246
NW000073,stable_salaried,Low,65.5,239
NW000074,sme_seasonal,Medium,39.1,143
NW000075,near_retiree,Low,78.8,288
NW000076,near_retiree,Low,77.7,284
NW000077,near_retiree,Low,92.9,339
NW000078,stable_salaried,Low,73.1,267
NW000079,gig_worker,High,28.2,103
NW000080,stable_salaried,Low,78.5,287
NW000081,sme_seasonal,Medium,44.9,164
NW000082,young_professional,Low,62.1,227
NW000083,stretched_salaried,High,30.2,110
NW000084,stable_salaried,Low,87.2,319
NW000085,stretched_salaried,High,22.6,82
NW000086,stretched_salaried,Medium,40.0,146
NW000087,near_retiree,Low,69.7,255
NW000088,young_professional,Medium,54.7,200
NW000089,sme_seasonal,Medium,40.0,146
NW000090,freelancer,Medium,37.4,137
NW000091,stable_salaried,Low,78.3,286
NW000092,near_retiree,Low,83.0,303
NW000093,near_retiree,Low,68.8,251
NW000094,freelancer,Low,73.5,268
NW000095,near_retiree,Low,67.0,245
NW000096,freelancer,Low,66.8,244
NW000097,freelancer,Medium,35.6,130
NW000098,gig_worker,Medium,35.4,129
NW000099,stable_salaried,Low,76.3,279
NW000100,stable_salaried,Medium,55.7,203
NW000101,stable_salaried,Low,70.6,258
NW000102,young_professional,Low,62.0,226
NW000103,stretched_salaried,Medium,39.2,143
NW000104,freelancer,High,23.3,85
NW000105,sme_distressed,High,19.6,71
NW000106,stretched_salaried,High,25.1,92
NW000107,gig_worker,Medium,53.4,195
NW000108,near_retiree,Low,67.7,247
NW000109,stretched_salaried,Medium,39.8,145
NW000110,stable_salaried,Low,88.0,322
NW000111,stretched_salaried,Medium,44.5,162
NW000112,stable_salaried,Low,73.0,267
NW000113,sme_distressed,High,17.7,64
NW000114,sme_seasonal,Low,60.9,222
NW000115,young_professional,Low,61.0,223
NW000116,sme_seasonal,High,31.0,113
NW000117,sme_seasonal,Medium,46.8,171
NW000118,stable_salaried,Low,77.6,283
NW000119,sme_seasonal,Medium,39.3,143
NW000120,freelancer,High,35.0,127
NW000121,sme_seasonal,Medium,46.8,171
NW000122,sme_seasonal,Low,62.2,227
NW000123,stretched_salaried,High,26.3,96
NW000124,stable_salaried,Low,69.3,253
NW000125,stretched_salaried,High,27.2,99
NW000126,gig_worker,Low,80.4,294
NW000127,sme_seasonal,High,11.5,41
NW000128,sme_seasonal,Low,63.1,230
NW000129,stable_salaried,Low,76.3,279
NW000130,freelancer,Medium,55.5,203
NW000131,gig_worker,High,28.8,105
NW000132,stretched_salaried,Low,62.7,229
NW000133,stable_salaried,Low,73.6,269
NW000134,stretched_salaried,High,22.1,80
NW000135,sme_distressed,High,27.8,101
NW000136,stretched_salaried,Medium,48.8,178
NW000137,freelancer,Low,74.9,274
NW000138,near_retiree,Low,62.2,227
NW000139,gig_worker,Medium,51.6,189
NW000140,sme_distressed,Medium,35.5,129
NW000141,sme_distressed,High,31.0,113
NW000142,stretched_salaried,High,33.1,121
NW000143,freelancer,Medium,36.2,132
NW000144,stretched_salaried,High,31.6,115
NW000145,stretched_salaried,High,23.0,84
NW000146,stable_salaried,Low,71.4,261
NW000147,young_professional,Medium,56.6,207
NW000148,freelancer,Medium,35.9,131
NW000149,stable_salaried,Low,74.0,270
NW000150,stretched_salaried,High,30.0,109
NW000151,sme_distressed,Medium,38.8,142
NW000152,stretched_salaried,High,24.1,88
NW000153,stable_salaried,Low,74.2,271
NW000154,freelancer,Medium,60.0,219
NW000155,sme_distressed,High,22.3,81
NW000156,stretched_salaried,Medium,45.7,167
NW000157,young_professional,Medium,54.8,200
NW000158,near_retiree,Low,69.4,254
NW000159,stretched_salaried,Medium,51.8,189
NW000160,near_retiree,Low,78.4,286
NW000161,gig_worker,Medium,47.6,174
NW000162,young_professional,Medium,50.3,184
NW000163,young_professional,Low,69.2,253
NW000164,freelancer,Medium,57.1,209
NW000165,stable_salaried,Low,65.5,239
NW000166,sme_seasonal,High,30.2,110
NW000167,stretched_salaried,Medium,41.2,150
NW000168,stable_salaried,Low,65.2,238
NW000169,stable_salaried,Low,77.9,284
NW000170,young_professional,Medium,56.3,205
NW000171,young_professional,Low,76.0,278
NW000172,stable_salaried,Low,80.8,295
NW000173,freelancer,High,18.5,67
NW000174,stretched_salaried,High,31.2,114
NW000175,young_professional,Low,74.6,273
NW000176,stable_salaried,Low,79.3,290
NW000177,young_professional,Medium,51.8,189
NW000178,gig_worker,High,9.7,35
NW000179,sme_distressed,High,17.3,63
NW000180,stable_salaried,Low,69.7,255
NW000181,stretched_salaried,High,24.0,87
NW000182,stable_salaried,Low,70.0,256
NW000183,sme_distressed,High,31.4,114
NW000184,sme_seasonal,Low,77.8,284
NW000185,stretched_salaried,Medium,41.9,153
NW000186,young_professional,Medium,38.2,139
NW000187,sme_seasonal,Low,67.1,245
NW000188,freelancer,Medium,56.3,205
NW000189,freelancer,Medium,44.4,162
NW000190,stretched_salaried,Medium,37.6,137
NW000191,stable_salaried,Low,71.9,263
NW000192,sme_seasonal,High,31.3,114
NW000193,sme_distressed,High,20.8,76
NW000194,young_professional,Medium,59.9,219
NW000195,stretched_salaried,Medium,58.5,214
NW000196,stretched_salaried,Medium,40.4,147
NW000197,near_retiree,Low,64.5,236
NW000198,sme_seasonal,High,34.2,125
NW000199,sme_seasonal,Low,62.5,228
NW000200,near_retiree,Low,75.1,274
NW000201,young_professional,Low,64.9,237
NW000202,stable_salaried,Medium,56.5,206
NW000203,stable_salaried,Low,86.4,316
NW000204,sme_seasonal,Medium,52.0,190
NW000205,young_professional,Medium,54.8,200
NW000206,stable_salaried,Low,80.1,293
NW000207,stable_salaried,Low,76.0,278
NW000208,young_professional,Medium,48.5,177
NW000209,stable_salaried,Low,76.6,280
NW000210,stable_salaried,Low,78.5,287
NW000211,freelancer,Medium,50.9,186
NW000212,young_professional,Medium,42.0,153
NW000213,young_professional,Medium,53.0,194
NW000214,stretched_salaried,High,33.5,122
NW000215,near_retiree,Low,70.9,259
NW000216,stretched_salaried,Medium,47.7,174
NW000217,stretched_salaried,Medium,40.6,148
NW000218,near_retiree,Low,83.4,305
NW000219,young_professional,Low,66.7,244
NW000220,sme_seasonal,High,32.9,120
NW000221,young_professional,Medium,55.0,201
NW000222,freelancer,High,32.8,120
NW000223,stable_salaried,Low,72.8,266
NW000224,gig_worker,High,27.3,99
NW000225,stretched_salaried,High,33.6,122
NW000226,stretched_salaried,Medium,54.6,199
NW000227,sme_distressed,High,18.7,68
NW000228,gig_worker,Medium,59.2,216
NW000229,sme_seasonal,Medium,38.9,142
NW000230,young_professional,Medium,58.2,212
NW000231,sme_seasonal,Low,63.4,232
NW000232,freelancer,Medium,59.4,217
NW000233,young_professional,Medium,56.8,207
NW000234,freelancer,Medium,50.8,185
NW000235,stable_salaried,Low,71.4,261
NW000236,near_retiree,Medium,56.6,207
NW000237,stretched_salaried,High,12.8,47
NW000238,stable_salaried,Low,64.0,234
NW000239,young_professional,Medium,52.2,191
NW000240,stable_salaried,Low,77.3,282
NW000241,sme_distressed,High,19.1,69
NW000242,sme_distressed,High,16.7,61
NW000243,sme_distressed,Medium,36.4,133
NW000244,gig_worker,Medium,44.4,162
NW000245,stable_salaried,Low,80.4,294
NW000246,sme_distressed,High,18.2,66
NW000247,gig_worker,Medium,37.9,138
NW000248,sme_distressed,High,30.4,111
NW000249,sme_distressed,Medium,35.5,129
NW000250,sme_seasonal,Medium,48.4,177
NW000251,stretched_salaried,High,34.4,125
NW000252,gig_worker,Medium,38.6,141
NW000253,sme_seasonal,Medium,42.3,154
NW000254,stretched_salaried,High,22.3,81
NW000255,stable_salaried,Low,82.8,303
NW000256,freelancer,Medium,58.2,213
NW000257,sme_distressed,Medium,48.7,178
NW000258,young_professional,High,32.6,119
NW000259,young_professional,Low,61.9,226
NW000260,stable_salaried,Low,76.1,278
NW000261,young_professional,Medium,58.7,214
NW000262,sme_distressed,High,31.5,115
NW000263,stable_salaried,Low,79.2,289
NW000264,freelancer,Low,63.6,232
NW000265,sme_seasonal,Medium,56.4,206
NW000266,near_retiree,Low,82.7,302
NW000267,young_professional,Low,65.9,241
NW000268,near_retiree,Low,68.3,249
NW000269,gig_worker,Medium,49.1,179
NW000270,stretched_salaried,Medium,36.7,134
NW000271,sme_seasonal,Low,65.8,240
NW000272,sme_seasonal,Medium,38.7,141
NW000273,sme_seasonal,Low,63.4,232
NW000274,sme_distressed,High,25.8,94
NW000275,freelancer,Medium,54.4,198
NW000276,freelancer,Medium,55.6,203
NW000277,sme_seasonal,Medium,56.9,208
NW000278,young_professional,Medium,44.3,162
NW000279,near_retiree,Low,77.9,284
NW000280,sme_seasonal,Medium,48.9,178
NW000281,sme_seasonal,Medium,49.9,182
NW000282,stretched_salaried,High,23.1,84
NW000283,gig_worker,High,33.4,122
NW000284,stable_salaried,Low,67.0,245
NW000285,young_professional,Medium,46.5,170
NW000286,stable_salaried,Low,74.4,272
NW000287,gig_worker,Medium,38.4,140
NW000288,freelancer,Medium,52.3,191
NW000289,stretched_salaried,Medium,37.9,138
NW000290,young_professional,Medium,53.6,196
NW000291,stable_salaried,Low,88.2,322
NW000292,stable_salaried,Low,83.6,306
NW000293,sme_seasonal,Medium,39.5,144
NW000294,gig_worker,Medium,42.4,155
NW000295,stable_salaried,Low,80.8,295
NW000296,freelancer,High,30.5,111
NW000297,near_retiree,Low,67.8,248
NW000298,stretched_salaried,Medium,41.2,150
NW000299,young_professional,Medium,58.1,212
NW000300,stable_salaried,Low,77.3,282
NW000301,stable_salaried,Low,86.0,314
NW000302,freelancer,Medium,40.6,148
NW000303,freelancer,High,27.5,100
NW000304,young_professional,Medium,54.4,198
NW000305,near_retiree,Low,81.8,299
NW000306,sme_distressed,High,32.3,118
NW000307,freelancer,Medium,37.2,136
NW000308,stretched_salaried,Medium,35.4,129
NW000309,sme_seasonal,Medium,47.6,174
NW000310,stretched_salaried,Low,73.3,268
NW000311,gig_worker,Medium,43.5,159
NW000312,stable_salaried,Low,60.7,222
NW000313,stable_salaried,Low,86.7,317
NW000314,sme_distressed,High,23.1,84
NW000315,sme_seasonal,Medium,49.6,181
NW000316,young_professional,Low,65.7,240
NW000317,gig_worker,Medium,59.5,217
NW000318,stable_salaried,Low,85.4,312
NW000319,stable_salaried,Low,73.4,268
NW000320,stretched_salaried,Low,74.8,273
NW000321,freelancer,Low,61.0,223
NW000322,near_retiree,Low,66.6,243
NW000323,young_professional,Medium,43.4,158
NW000324,stretched_salaried,Medium,37.9,138
NW000325,sme_distressed,High,26.5,96
NW000326,near_retiree,Low,64.6,236
NW000327,freelancer,Low,69.1,252
NW000328,young_professional,Medium,56.2,205
NW000329,gig_worker,Medium,43.6,159
NW000330,stretched_salaried,High,31.6,115
NW000331,gig_worker,Medium,50.9,186
NW000332,near_retiree,Low,68.4,250
NW000333,stable_salaried,Low,71.1,260
NW000334,stable_salaried,Low,74.4,272
NW000335,stable_salaried,Low,65.5,239
NW000336,stable_salaried,Low,76.6,280
NW000337,sme_seasonal,High,34.8,127
NW000338,near_retiree,Low,90.4,330
NW000339,freelancer,Medium,48.1,176
NW000340,stable_salaried,Low,76.5,279
NW000341,freelancer,Medium,44.5,162
NW000342,freelancer,Medium,58.7,214
NW000343,stable_salaried,Low,76.2,279
NW000344,gig_worker,Medium,40.4,147
NW000345,gig_worker,Medium,59.0,216
NW000346,young_professional,Medium,48.5,177
NW000347,young_professional,Medium,48.6,177
NW000348,stable_salaried,Low,65.3,238
NW000349,gig_worker,Medium,43.2,158
NW000350,young_professional,Low,75.7,277
NW000351,freelancer,High,29.7,108
NW000352,sme_seasonal,Medium,46.6,170
NW000353,young_professional,Medium,47.1,172
NW000354,stable_salaried,Low,79.5,290
NW000355,stable_salaried,Low,81.1,296
NW000356,young_professional,Medium,44.9,164
NW000357,stable_salaried,Low,66.3,242
NW000358,young_professional,Low,61.4,224
NW000359,sme_distressed,High,14.5,53
NW000360,young_professional,Low,64.6,236
NW000361,gig_worker,High,26.9,98
NW000362,young_professional,Medium,50.3,184
NW000363,gig_worker,Medium,38.1,139
NW000364,freelancer,High,4.5,16
NW000365,sme_distressed,High,27.7,101
NW000366,gig_worker,Medium,47.8,175
NW000367,sme_distressed,High,18.0,65
NW000368,sme_distressed,Medium,43.0,157
NW000369,stable_salaried,Medium,53.3,194
NW000370,stable_salaried,Low,71.2,260
NW000371,stable_salaried,Low,77.6,283
NW000372,stable_salaried,Low,75.1,274
NW000373,stable_salaried,Low,61.0,223
NW000374,young_professional,Medium,54.3,198
NW000375,stable_salaried,Low,68.2,249
NW000376,stretched_salaried,High,29.2,106
NW000377,sme_seasonal,Medium,56.3,205
NW000378,stable_salaried,Low,64.9,237
NW000379,sme_seasonal,Low,60.2,220
NW000380,stretched_salaried,High,12.7,46
NW000381,stable_salaried,Low,83.5,305
NW000382,young_professional,Medium,55.3,202
NW000383,young_professional,Low,67.8,248
NW000384,sme_seasonal,Medium,55.5,203
NW000385,near_retiree,Low,74.3,272
NW000386,sme_seasonal,Medium,37.2,136
NW000387,stretched_salaried,High,25.1,91
NW000388,stable_salaried,Low,82.2,300
NW000389,near_retiree,Low,71.3,260
NW000390,sme_seasonal,Low,61.1,223
NW000391,sme_distressed,High,30.0,109
NW000392,gig_worker,High,31.9,116
NW000393,gig_worker,Medium,38.4,140
NW000394,near_retiree,Low,87.8,321
NW000395,stretched_salaried,Medium,37.5,137
NW000396,sme_distressed,High,22.3,81
NW000397,sme_seasonal,Medium,41.3,151
NW000398,gig_worker,High,21.1,77
NW000399,near_retiree,Medium,42.0,153
NW000400,near_retiree,Low,70.6,258
NW000401,stable_salaried,Low,98.8,361
NW000402,sme_distressed,High,27.3,99
NW000403,freelancer,High,26.4,96
NW000404,sme_seasonal,Low,63.7,233
NW000405,stretched_salaried,High,15.2,55
NW000406,sme_seasonal,Medium,40.7,148
NW000407,gig_worker,High,25.1,91
NW000408,stable_salaried,Low,73.2,267
NW000409,sme_distressed,High,33.3,121
NW000410,stable_salaried,Low,73.8,269
NW000411,stretched_salaried,Medium,55.7,203
NW000412,sme_distressed,Medium,45.1,165
NW000413,sme_distressed,High,22.2,81
NW000414,young_professional,Medium,44.7,163
NW000415,young_professional,Medium,49.1,179
NW000416,gig_worker,High,32.4,118
NW000417,stretched_salaried,Medium,35.1,128
NW000418,stretched_salaried,High,16.8,61
NW000419,young_professional,Medium,51.5,188
NW000420,near_retiree,Low,74.0,270
NW000421,sme_seasonal,Medium,52.1,190
NW000422,sme_seasonal,Low,60.9,222
NW000423,stable_salaried,Low,81.3,297
NW000424,freelancer,Medium,54.0,197
NW000425,stable_salaried,Low,76.9,281
NW000426,freelancer,High,10.3,37
NW000427,gig_worker,High,24.6,90
NW000428,sme_seasonal,Medium,43.0,157
NW000429,gig_worker,Medium,55.5,203
NW000430,stable_salaried,Low,82.8,302
NW000431,stable_salaried,Low,78.8,288
NW000432,near_retiree,Low,63.5,232
NW000433,young_professional,Medium,58.7,214
NW000434,stable_salaried,Low,69.9,255
NW000435,stable_salaried,Low,72.9,266
NW000436,near_retiree,Low,64.3,235
NW000437,stable_salaried,Low,70.4,257
NW000438,sme_seasonal,High,30.8,112
NW000439,near_retiree,Low,60.9,223
NW000440,stable_salaried,Low,67.4,246
NW000441,stable_salaried,Low,92.9,340
NW000442,sme_distressed,High,12.3,44
NW000443,gig_worker,Medium,56.5,206
NW000444,gig_worker,High,28.2,103
NW000445,sme_seasonal,High,32.2,117
NW000446,sme_distressed,Medium,44.7,163
NW000447,sme_distressed,High,31.2,114
NW000448,near_retiree,Low,81.8,299
NW000449,gig_worker,Medium,59.8,218
NW000450,stable_salaried,Low,72.2,264
NW000451,near_retiree,Low,66.9,244
NW000452,freelancer,High,29.2,106
NW000453,gig_worker,High,25.9,94
NW000454,sme_distressed,High,33.8,123
NW000455,stable_salaried,Low,71.6,261
NW000456,freelancer,High,24.8,90
NW000457,stable_salaried,Low,73.7,269
NW000458,gig_worker,Medium,56.6,207
NW000459,stable_salaried,Low,80.9,296
NW000460,stable_salaried,Low,75.7,276
NW000461,stable_salaried,Low,73.2,267
NW000462,young_professional,Low,71.6,261
NW000463,near_retiree,Low,81.0,296
NW000464,young_professional,Low,72.7,266
NW000465,sme_distressed,High,25.9,94
NW000466,gig_worker,High,24.6,90
NW000467,stretched_salaried,High,34.5,126
NW000468,sme_seasonal,Medium,35.6,130
NW000469,stretched_salaried,Medium,45.8,167
NW000470,sme_distressed,High,20.3,74
NW000471,stable_salaried,Low,74.0,270
NW000472,sme_distressed,High,21.8,79
NW000473,stable_salaried,Low,74.0,270
NW000474,sme_seasonal,Medium,53.6,196
NW000475,freelancer,Low,61.8,226
NW000476,sme_distressed,High,33.4,122
NW000477,stable_salaried,Low,71.0,259
NW000478,freelancer,High,13.1,47
NW000479,sme_distressed,Medium,36.5,133
NW000480,freelancer,Low,92.5,338
NW000481,young_professional,Medium,59.4,217
NW000482,young_professional,Low,61.2,224
NW000483,gig_worker,Low,68.8,251
NW000484,young_professional,Medium,49.4,180
NW000485,young_professional,Medium,48.9,178
NW000486,sme_distressed,High,15.9,58
NW000487,stable_salaried,Low,89.3,326
NW000488,stretched_salaried,High,19.3,70
NW000489,sme_distressed,High,19.7,72
NW000490,sme_seasonal,Medium,52.9,193
NW000491,gig_worker,Medium,55.4,202
NW000492,young_professional,High,33.7,123
NW000493,stretched_salaried,High,26.5,96
NW000494,stable_salaried,Low,72.9,266
NW000495,gig_worker,Medium,42.0,153
NW000496,gig_worker,Medium,52.3,191
NW000497,young_professional,Medium,57.7,211
NW000498,stable_salaried,Low,68.4,250
NW000499,sme_distressed,High,33.0,120
NW000500,sme_distressed,High,28.0,102
NW000501,young_professional,Low,71.4,261
NW000502,freelancer,High,31.9,116
NW000503,stretched_salaried,High,24.6,90
NW000504,sme_seasonal,Medium,59.1,216
NW000505,young_professional,Low,67.3,246
NW000506,stable_salaried,Low,66.2,242
NW000507,sme_distressed,Medium,41.9,153
NW000508,sme_seasonal,Medium,57.7,211
NW000509,sme_distressed,High,26.2,95
NW000510,near_retiree,Low,88.3,323
NW000511,young_professional,Medium,47.8,174
NW000512,gig_worker,Low,69.3,253
NW000513,sme_distressed,Medium,44.6,163
NW000514,sme_seasonal,Medium,43.3,158
NW000515,stable_salaried,Low,65.4,239
NW000516,stable_salaried,Low,72.3,264
NW000517,gig_worker,Low,62.7,229
NW000518,sme_seasonal,Medium,39.1,142
NW000519,sme_distressed,Medium,40.1,146
NW000520,stable_salaried,Low,88.5,323
NW000521,young_professional,High,33.0,120
NW000522,gig_worker,Low,71.5,261
NW000523,sme_distressed,Medium,36.9,134
NW000524,sme_seasonal,Medium,54.7,200
NW000525,sme_seasonal,Medium,44.8,163
NW000526,gig_worker,Medium,36.7,134
NW000527,gig_worker,Medium,59.8,218
NW000528,stretched_salaried,Low,60.5,221
NW000529,stable_salaried,Low,68.9,252
NW000530,sme_seasonal,Medium,46.1,168
NW000531,sme_seasonal,Medium,56.0,204
NW000532,sme_distressed,Medium,35.2,128
NW000533,sme_distressed,High,33.3,122
NW000534,freelancer,Medium,47.7,174
NW000535,near_retiree,Low,60.6,221
NW000536,sme_distressed,Medium,38.4,140
NW000537,sme_seasonal,Medium,39.5,144
NW000538,stretched_salaried,Medium,40.4,147
NW000539,gig_worker,High,0.0,0
NW000540,stable_salaried,Low,78.8,288
NW000541,sme_distressed,High,22.5,82
NW000542,young_professional,Medium,46.0,168
NW000543,stretched_salaried,Medium,44.9,164
NW000544,young_professional,Medium,57.1,208
NW000545,young_professional,Low,78.2,286
NW000546,gig_worker,High,32.1,117
NW000547,stable_salaried,Low,87.7,321
NW000548,young_professional,Medium,59.5,217
NW000549,freelancer,Medium,48.8,178
NW000550,near_retiree,Low,61.4,224
NW000551,freelancer,Medium,50.8,185
NW000552,sme_seasonal,Medium,51.9,189
NW000553,freelancer,Low,79.4,290
NW000554,freelancer,Low,78.7,288
NW000555,sme_seasonal,Medium,45.4,166
NW000556,gig_worker,Medium,45.6,166
NW000557,stable_salaried,Low,70.9,259
NW000558,stable_salaried,Low,72.9,266
NW000559,near_retiree,Low,73.3,268
NW000560,young_professional,Low,61.0,223
NW000561,near_retiree,Low,65.7,240
NW000562,stretched_salaried,Medium,46.7,170
NW000563,stable_salaried,Low,72.3,264
NW000564,stable_salaried,Medium,56.6,207
NW000565,gig_worker,High,33.8,123
NW000566,young_professional,Medium,46.7,170
NW000567,gig_worker,Medium,35.6,130
NW000568,gig_worker,Medium,41.3,151
NW000569,sme_distressed,High,29.1,106
NW000570,stretched_salaried,Medium,51.4,187
NW000571,freelancer,High,28.3,103
NW000572,sme_seasonal,High,28.4,103
NW000573,gig_worker,Medium,50.3,184
NW000574,young_professional,High,27.3,100
NW000575,sme_seasonal,Medium,55.9,204
NW000576,sme_distressed,High,27.6,101
NW000577,stable_salaried,Low,84.3,308
NW000578,sme_distressed,High,23.0,84
NW000579,freelancer,High,32.5,118
NW000580,stretched_salaried,High,29.9,109
NW000581,gig_worker,High,31.8,116
NW000582,sme_distressed,High,29.9,109
NW000583,freelancer,Medium,36.6,134
NW000584,stretched_salaried,Medium,50.2,183
NW000585,young_professional,Low,75.0,274
NW000586,stretched_salaried,Low,64.1,234
NW000587,stable_salaried,Low,77.5,283
NW000588,stable_salaried,Low,70.2,256
NW000589,stable_salaried,Low,65.5,239
NW000590,stable_salaried,Low,76.7,280
NW000591,stable_salaried,Low,86.5,316
NW000592,young_professional,Low,77.4,283
NW000593,stable_salaried,Low,73.7,269
NW000594,stretched_salaried,High,31.6,115
NW000595,sme_seasonal,Low,62.1,227
NW000596,freelancer,Low,65.8,240
NW000597,young_professional,Medium,51.1,187
NW000598,stable_salaried,Low,83.0,303
NW000599,stable_salaried,Low,89.7,328
NW000600,stable_salaried,Low,66.4,242
NW000601,stable_salaried,Low,72.1,263
NW000602,stretched_salaried,Medium,53.7,196
NW000603,stable_salaried,Low,88.1,322
NW000604,stable_salaried,Low,79.9,292
NW000605,stable_salaried,Low,71.7,262
NW000606,gig_worker,Medium,51.2,187
NW000607,stretched_salaried,High,23.4,85
NW000608,gig_worker,High,24.2,88
NW000609,freelancer,High,26.2,95
NW000610,young_professional,Low,66.7,244
NW000611,stable_salaried,Low,82.0,300
NW000612,sme_seasonal,Low,64.9,237
NW000613,young_professional,Low,69.8,255
NW000614,stable_salaried,Low,83.2,304
NW000615,sme_seasonal,Medium,51.0,186
NW000616,sme_distressed,High,21.1,77
NW000617,stable_salaried,Low,83.7,306
NW000618,stretched_salaried,High,32.8,120
NW000619,sme_seasonal,Medium,46.3,169
NW000620,near_retiree,Low,74.2,271
NW000621,stable_salaried,Low,71.6,262
NW000622,stretched_salaried,Medium,58.5,213
NW000623,gig_worker,High,27.5,100
NW000624,freelancer,Medium,52.7,193
NW000625,young_professional,Medium,46.0,168
NW000626,gig_worker,High,14.5,53
NW000627,gig_worker,Medium,48.1,175
NW000628,near_retiree,Low,76.0,278
NW000629,stable_salaried,Low,75.1,274
NW000630,stretched_salaried,Medium,47.1,172
NW000631,near_retiree,Low,77.5,283
NW000632,sme_seasonal,Low,60.6,221
NW000633,freelancer,High,29.9,109
NW000634,freelancer,Medium,45.3,165
NW000635,stable_salaried,Low,83.4,305
NW000636,gig_worker,Low,63.9,234
NW000637,freelancer,Medium,55.3,202
NW000638,stretched_salaried,High,31.5,115
NW000639,stretched_salaried,High,16.9,61
NW000640,gig_worker,Medium,41.3,151
NW000641,stable_salaried,Low,73.8,270
NW000642,stretched_salaried,Medium,58.1,212
NW000643,stretched_salaried,Medium,45.1,165
NW000644,stretched_salaried,Medium,35.6,130
NW000645,stable_salaried,Low,78.3,286
NW000646,sme_seasonal,High,30.0,109
NW000647,young_professional,Medium,56.9,208
NW000648,young_professional,Medium,53.4,195
NW000649,sme_seasonal,Low,60.6,221
NW000650,freelancer,Medium,46.4,169
NW000651,stable_salaried,Low,73.3,268
NW000652,freelancer,Medium,49.9,182
NW000653,young_professional,Medium,57.5,210
NW000654,near_retiree,Low,70.0,256
NW000655,gig_worker,Low,60.8,222
NW000656,stable_salaried,Low,79.1,289
NW000657,stretched_salaried,Medium,36.2,132
NW000658,gig_worker,Medium,42.3,154
NW000659,young_professional,Medium,55.7,203
NW000660,young_professional,Medium,44.1,161
NW000661,gig_worker,Medium,50.1,183
NW000662,sme_distressed,High,24.9,91
NW000663,young_professional,Medium,41.9,153
NW000664,stretched_salaried,Medium,51.2,187
NW000665,stable_salaried,Low,85.4,312
NW000666,stable_salaried,Low,81.2,297
NW000667,stretched_salaried,Medium,45.6,166
NW000668,stable_salaried,Low,65.4,239
NW000669,stable_salaried,Low,78.5,287
NW000670,stretched_salaried,High,23.0,84
NW000671,stable_salaried,Low,61.7,225
NW000672,sme_seasonal,High,33.8,123
NW000673,stable_salaried,Low,68.5,250
NW000674,freelancer,Medium,56.5,206
NW000675,gig_worker,Medium,50.0,183
NW000676,sme_distressed,Medium,39.4,144
NW000677,stable_salaried,Low,78.0,285
NW000678,gig_worker,Medium,43.0,157
NW000679,sme_distressed,High,30.2,110
NW000680,sme_seasonal,Medium,45.8,167
NW000681,sme_seasonal,Medium,49.4,180
NW000682,stretched_salaried,High,20.3,74
NW000683,stable_salaried,Low,69.5,254
NW000684,young_professional,Medium,54.3,198
NW000685,sme_distressed,Medium,47.6,174
NW000686,freelancer,Medium,48.2,176
NW000687,young_professional,Low,61.5,225
NW000688,stretched_salaried,Medium,40.2,146
NW000689,near_retiree,Medium,59.8,218
NW000690,stable_salaried,Low,77.8,284
NW000691,stretched_salaried,Medium,43.1,157
NW000692,gig_worker,High,17.6,64
NW000693,freelancer,Medium,42.1,153
NW000694,stretched_salaried,High,24.1,88
NW000695,stable_salaried,Low,76.1,278
NW000696,young_professional,Low,69.0,252
NW000697,stretched_salaried,Medium,35.9,131
NW000698,young_professional,Low,67.6,247
NW000699,stable_salaried,Low,89.4,327
NW000700,freelancer,High,34.0,124
NW000701,freelancer,Low,75.5,276
NW000702,stable_salaried,Low,63.2,231
NW000703,stretched_salaried,Medium,41.2,150
NW000704,stable_salaried,Low,71.5,261
NW000705,stable_salaried,Low,65.9,241
NW000706,sme_distressed,High,22.4,81
NW000707,stretched_salaried,Medium,52.3,191
NW000708,sme_seasonal,Medium,52.8,193
NW000709,stretched_salaried,Medium,45.4,166
NW000710,young_professional,Low,68.7,251
NW000711,near_retiree,Low,73.3,268
NW000712,young_professional,Low,60.5,221
NW000713,freelancer,Medium,54.9,201
NW000714,gig_worker,Medium,48.3,176
NW000715,stretched_salaried,High,33.5,122
NW000716,sme_distressed,High,23.2,84
NW000717,sme_seasonal,High,22.9,83
NW000718,sme_distressed,High,27.6,101
NW000719,stable_salaried,Low,76.3,279
NW000720,near_retiree,Low,82.0,300
NW000721,sme_distressed,High,14.9,54
NW000722,stable_salaried,Medium,55.7,203
NW000723,stable_salaried,Low,87.3,319
NW000724,near_retiree,Low,67.5,247
NW000725,young_professional,Low,70.1,256
NW000726,sme_seasonal,Medium,50.6,185
NW000727,stable_salaried,Low,91.6,335
NW000728,sme_seasonal,Medium,37.5,137
NW000729,stretched_salaried,Medium,35.9,131
NW000730,stable_salaried,Low,76.9,281
NW000731,stable_salaried,Low,68.1,249
NW000732,sme_seasonal,Low,62.5,228
NW000733,young_professional,Low,72.4,265
NW000734,freelancer,Medium,37.1,135
NW000735,gig_worker,Medium,59.9,219
NW000736,sme_seasonal,Medium,58.1,212
NW000737,gig_worker,High,21.7,79
NW000738,sme_seasonal,Low,60.9,222
NW000739,gig_worker,Medium,41.5,151
NW000740,gig_worker,High,29.1,106
NW000741,gig_worker,Medium,49.7,182
NW000742,stretched_salaried,High,21.7,79
NW000743,near_retiree,Low,66.8,244
NW000744,freelancer,Low,64.5,236
NW000745,stretched_salaried,Medium,42.2,154
NW000746,sme_seasonal,Medium,52.8,193
NW000747,gig_worker,High,29.9,109
NW000748,freelancer,Medium,36.9,134
NW000749,sme_distressed,High,33.1,121
NW000750,young_professional,Medium,47.6,174
NW000751,stable_salaried,Low,70.2,257
NW000752,sme_distressed,High,26.1,95
NW000753,young_professional,Medium,58.3,213
NW000754,stretched_salaried,Medium,56.9,208
NW000755,stable_salaried,Low,66.9,244
NW000756,sme_seasonal,Medium,43.1,157
NW000757,young_professional,Medium,35.3,129
NW000758,freelancer,Low,66.3,242
NW000759,sme_seasonal,Medium,51.1,187
NW000760,sme_seasonal,Medium,36.2,132
NW000761,stable_salaried,Low,81.2,297
NW000762,stretched_salaried,Medium,52.7,192
NW000763,stretched_salaried,High,30.2,110
NW000764,near_retiree,Medium,58.9,215
NW000765,stable_salaried,Low,82.5,301
NW000766,freelancer,High,32.8,120
NW000767,near_retiree,Low,72.0,263
NW000768,sme_seasonal,Low,60.2,220
NW000769,stretched_salaried,High,29.7,108
NW000770,sme_seasonal,Medium,54.8,200
NW000771,stable_salaried,Low,75.8,277
NW000772,sme_seasonal,Low,80.0,292
NW000773,stable_salaried,Low,76.6,280
NW000774,gig_worker,High,33.9,124
NW000775,sme_seasonal,Medium,49.1,179
NW000776,stable_salaried,Low,84.4,308
NW000777,stretched_salaried,Medium,38.2,139
NW000778,near_retiree,Low,60.0,219
NW000779,near_retiree,Low,78.1,285
NW000780,young_professional,Medium,54.6,199
NW000781,young_professional,Low,71.7,262
NW000782,freelancer,Medium,49.8,182
NW000783,stretched_salaried,High,19.0,69
NW000784,stretched_salaried,Medium,52.5,192
NW000785,stable_salaried,Low,90.0,329
NW000786,sme_distressed,Medium,36.7,134
NW000787,young_professional,Medium,49.0,179
NW000788,gig_worker,Medium,37.5,137
NW000789,gig_worker,High,12.6,46
NW000790,sme_distressed,Medium,37.4,136
NW000791,stable_salaried,Low,88.5,323
NW000792,young_professional,Medium,51.2,187
NW000793,freelancer,Medium,51.3,187
NW000794,young_professional,Medium,44.3,162
NW000795,stable_salaried,Low,76.2,278
NW000796,sme_seasonal,Low,72.5,265
NW000797,sme_distressed,High,32.4,118
NW000798,freelancer,Medium,56.7,207
NW000799,young_professional,Medium,46.2,168
NW000800,sme_distressed,High,27.4,100
NW000801,near_retiree,Low,69.9,255
NW000802,stable_salaried,Low,80.0,292
NW000803,young_professional,Low,71.3,261
NW000804,young_professional,Medium,58.8,215
NW000805,gig_worker,Medium,41.9,153
NW000806,near_retiree,Low,63.8,233
NW000807,sme_distressed,High,22.6,82
NW000808,sme_distressed,High,28.2,103
NW000809,gig_worker,High,23.0,84
NW000810,stable_salaried,Low,70.9,259
NW000811,sme_distressed,Medium,49.6,181
NW000812,sme_seasonal,Medium,38.2,139
NW000813,stable_salaried,Low,80.6,294
NW000814,sme_distressed,High,20.2,73
NW000815,sme_seasonal,Medium,40.7,148
NW000816,freelancer,Medium,55.7,203
NW000817,young_professional,Medium,54.6,199
NW000818,gig_worker,Medium,36.4,133
NW000819,stable_salaried,Low,79.4,290
NW000820,stretched_salaried,High,29.9,109
NW000821,sme_seasonal,Medium,35.6,130
NW000822,stable_salaried,Low,83.1,303
NW000823,stretched_salaried,Medium,55.6,203
NW000824,gig_worker,Low,63.8,233
NW000825,freelancer,Low,78.1,285
NW000826,sme_distressed,High,19.5,71
NW000827,stretched_salaried,Medium,37.8,138
NW000828,stretched_salaried,Medium,52.5,192
NW000829,near_retiree,Low,69.5,254
NW000830,gig_worker,High,33.0,120
NW000831,stretched_salaried,High,34.9,127
NW000832,gig_worker,Medium,49.1,179
NW000833,stable_salaried,Low,75.6,276
NW000834,stable_salaried,Low,63.6,232
NW000835,freelancer,Low,64.6,236
NW000836,gig_worker,Medium,47.3,173
NW000837,sme_distressed,High,26.2,96
NW000838,gig_worker,Low,70.6,258
NW000839,young_professional,Low,66.1,241
NW000840,young_professional,Medium,51.0,186
NW000841,stable_salaried,Low,72.6,265
NW000842,young_professional,Medium,57.1,209
NW000843,stable_salaried,Low,87.9,321
NW000844,sme_distressed,Medium,36.7,134
NW000845,stable_salaried,Low,71.1,260
NW000846,gig_worker,Medium,45.9,167
NW000847,stable_salaried,Low,85.8,313
NW000848,sme_distressed,High,17.7,64
NW000849,freelancer,Medium,56.1,205
NW000850,young_professional,Medium,45.4,166
NW000851,stable_salaried,Low,63.2,231
NW000852,near_retiree,Medium,56.0,205
NW000853,stretched_salaried,High,28.5,104
NW000854,sme_seasonal,Medium,40.5,148
NW000855,stretched_salaried,High,15.9,58
NW000856,stable_salaried,Low,72.7,266
NW000857,stable_salaried,Low,71.5,261
NW000858,freelancer,High,29.8,108
NW000859,freelancer,High,33.3,121
NW000860,stable_salaried,Low,64.5,236
NW000861,near_retiree,Low,65.3,238
NW000862,gig_worker,Low,69.0,252
NW000863,freelancer,High,32.8,119
NW000864,gig_worker,Low,76.0,278
NW000865,gig_worker,Medium,35.8,130
NW000866,freelancer,Medium,39.7,145
NW000867,stable_salaried,Low,82.0,299
NW000868,stable_salaried,Low,71.1,260
NW000869,sme_seasonal,High,33.2,121
NW000870,sme_distressed,Medium,45.3,165
NW000871,gig_worker,High,33.8,123
NW000872,stretched_salaried,High,35.0,127
NW000873,young_professional,Medium,53.8,196
NW000874,gig_worker,Medium,56.6,207
NW000875,stable_salaried,Low,88.2,322
NW000876,stable_salaried,Low,67.0,245
NW000877,near_retiree,Low,76.6,280
NW000878,young_professional,Medium,48.0,175
NW000879,stable_salaried,Low,78.6,287
NW000880,stretched_salaried,High,33.5,122
NW000881,stretched_salaried,Medium,46.5,170
NW000882,young_professional,Medium,42.0,153
NW000883,stable_salaried,Low,80.0,292
NW000884,stable_salaried,Low,83.3,304
NW000885,sme_seasonal,Medium,42.9,156
NW000886,stable_salaried,Low,79.5,291
NW000887,young_professional,Low,66.5,243
NW000888,stretched_salaried,High,34.0,124
NW000889,stable_salaried,Low,80.9,295
NW000890,stretched_salaried,Medium,50.1,183
NW000891,near_retiree,Low,71.9,263
NW000892,sme_seasonal,Medium,58.3,213
NW000893,sme_seasonal,Low,64.0,234
NW000894,gig_worker,High,28.9,105
NW000895,young_professional,Low,67.1,245
NW000896,stretched_salaried,High,25.9,94
NW000897,stretched_salaried,High,29.3,107
NW000898,sme_seasonal,Medium,56.3,206
NW000899,stable_salaried,Low,74.7,273
NW000900,stable_salaried,Low,65.3,238
NW000901,stretched_salaried,Medium,58.5,214
NW000902,stable_salaried,Low,77.4,283
NW000903,stable_salaried,Low,76.2,278
NW000904,young_professional,Low,65.3,239
NW000905,gig_worker,Medium,39.6,145
NW000906,sme_seasonal,Medium,56.6,207
NW000907,sme_seasonal,High,24.7,90
NW000908,stretched_salaried,High,29.3,107
NW000909,stretched_salaried,Medium,40.2,147
NW000910,gig_worker,High,15.0,54
NW000911,young_professional,Low,60.1,219
NW000912,stretched_salaried,High,32.2,117
NW000913,young_professional,Medium,57.0,208
NW000914,gig_worker,Medium,50.8,185
NW000915,freelancer,Medium,41.5,151
NW000916,gig_worker,Low,70.2,257
NW000917,stretched_salaried,Medium,35.0,128
NW000918,sme_distressed,High,27.9,102
NW000919,near_retiree,Medium,49.2,180
NW000920,stable_salaried,Low,69.3,253
NW000921,sme_seasonal,Medium,46.9,171
NW000922,freelancer,Medium,46.8,171
NW000923,sme_seasonal,High,33.4,122
NW000924,sme_seasonal,Low,63.2,231
NW000925,gig_worker,Medium,50.2,183
NW000926,stable_salaried,Low,77.8,284
NW000927,stretched_salaried,Medium,57.6,210
NW000928,freelancer,Low,62.5,228
NW000929,young_professional,High,34.3,125
NW000930,stretched_salaried,Medium,43.8,160
NW000931,stable_salaried,Low,77.1,282
NW000932,sme_seasonal,Medium,46.0,168
NW000933,sme_distressed,High,22.0,80
NW000934,freelancer,Low,60.5,221
NW000935,stable_salaried,Low,71.9,263
NW000936,stretched_salaried,High,19.6,71
NW000937,stable_salaried,Low,69.4,254
NW000938,sme_distressed,High,21.6,78
NW000939,stable_salaried,Low,72.4,265
NW000940,young_professional,Low,66.1,241
NW000941,stretched_salaried,Medium,35.5,129
NW000942,freelancer,Medium,42.8,156
NW000943,young_professional,Medium,50.3,183
NW000944,sme_seasonal,Medium,49.7,181
NW000945,stretched_salaried,High,32.3,118
NW000946,stable_salaried,Low,72.8,266
NW000947,stable_salaried,Low,79.6,291
NW000948,sme_distressed,High,30.9,113
NW000949,sme_seasonal,Medium,44.7,163
NW000950,young_professional,Medium,52.6,192
NW000951,young_professional,Medium,55.6,203
NW000952,young_professional,High,34.0,124
NW000953,stable_salaried,Low,74.6,272
NW000954,sme_distressed,High,25.4,92
NW000955,gig_worker,Medium,39.6,145
NW000956,gig_worker,Medium,45.7,167
NW000957,freelancer,High,33.8,123
NW000958,stable_salaried,Low,70.8,259
NW000959,stable_salaried,Low,72.1,263
NW000960,near_retiree,Low,79.0,289
NW000961,stable_salaried,Low,80.5,294
NW000962,young_professional,Medium,57.0,208
NW000963,stretched_salaried,High,20.3,74
NW000964,gig_worker,High,34.7,127
NW000965,stretched_salaried,High,12.6,46
NW000966,gig_worker,Medium,58.1,212
NW000967,near_retiree,Low,67.7,247
NW000968,stretched_salaried,Medium,43.3,158
NW000969,freelancer,Medium,56.7,207
NW000970,freelancer,Medium,41.1,150
NW000971,young_professional,Medium,45.5,166
NW000972,sme_distressed,High,8.8,32
NW000973,near_retiree,Low,62.1,227
NW000974,stretched_salaried,Medium,55.9,204
NW000975,stable_salaried,Low,80.9,296
NW000976,stretched_salaried,High,28.3,103
NW000977,young_professional,Medium,41.7,152
NW000978,stable_salaried,Low,68.8,251
NW000979,freelancer,Medium,50.1,183
NW000980,young_professional,Medium,53.8,197
NW000981,stretched_salaried,High,28.0,102
NW000982,near_retiree,Low,73.0,267
NW000983,stable_salaried,Low,68.2,249
NW000984,stable_salaried,Low,85.5,312
NW000985,near_retiree,Medium,56.6,207
NW000986,freelancer,Low,65.3,238
NW000987,young_professional,Low,61.6,225
NW000988,gig_worker,Medium,41.4,151
NW000989,stretched_salaried,Medium,40.8,149
NW000990,sme_seasonal,Low,60.9,222
NW000991,sme_seasonal,High,31.1,113
NW000992,young_professional,Low,71.3,261
NW000993,stretched_salaried,Low,64.3,235
NW000994,young_professional,Medium,52.7,192
NW000995,gig_worker,Medium,47.0,172
NW000996,stable_salaried,Low,79.1,289
NW000997,sme_distressed,High,33.5,122
NW000998,stable_salaried,Low,80.2,293
NW000999,sme_distressed,High,34.0,124
NW001000,gig_worker,Medium,42.4,155
