date,segment,median_balance,mean_fhs,pct_fhs_danger
2026-05-15,stable_salaried,8595.43,75.4,0.0
2026-05-16,stable_salaried,8611.25,75.1,0.0
2026-05-17,stable_salaried,8575.36,74.7,0.0
2026-05-18,stable_salaried,8548.59,74.5,0.0
2026-05-19,stable_salaried,8582.41,75.1,0.0
2026-05-20,stable_salaried,8589.47,75.1,0.0
2026-05-21,stable_salaried,8627.85,75.3,0.0
2026-05-22,stable_salaried,8588.54,74.3,0.0
2026-05-23,stable_salaried,8602.11,75.4,0.0
2026-05-24,stable_salaried,8583.72,75.9,0.0
2026-05-25,stable_salaried,10524.54,77.8,0.0
2026-05-26,stable_salaried,10446.11,77.3,0.0
2026-05-27,stable_salaried,10482.2,76.5,0.0
2026-05-28,stable_salaried,10476.92,77.1,0.0
2026-05-29,stable_salaried,8564.5,74.5,0.0
2026-05-30,stable_salaried,8656.79,75.1,0.0
2026-05-31,stable_salaried,8635.11,75.7,0.0
2026-06-01,stable_salaried,8572.8,75.6,0.0
2026-06-02,stable_salaried,8615.61,75.7,0.0
2026-06-03,stable_salaried,8600.93,73.5,0.0
2026-06-04,stable_salaried,8644.9,75.3,0.0
2026-06-05,stable_salaried,8632.6,74.9,0.0
2026-06-06,stable_salaried,8606.27,74.0,0.0
2026-06-07,stable_salaried,8587.9,76.0,0.0
2026-06-08,stable_salaried,8576.01,75.8,0.0
2026-06-09,stable_salaried,8576.86,75.1,0.0
2026-06-10,stable_salaried,8605.16,75.3,0.0
2026-06-11,stable_salaried,8566.04,75.5,0.0
2026-06-12,stable_salaried,8581.97,74.8,0.0
2026-06-13,stable_salaried,8617.56,74.9,0.0
2026-06-14,stable_salaried,8582.14,75.3,0.0
2026-06-15,stable_salaried,8609.0,74.1,0.0
2026-06-16,stable_salaried,8640.92,74.8,0.0
2026-06-17,stable_salaried,8630.71,74.7,0.0
2026-06-18,stable_salaried,8603.07,75.0,0.0
2026-06-19,stable_salaried,8627.47,73.3,0.0
2026-06-20,stable_salaried,8603.14,74.2,0.0
2026-06-21,stable_salaried,8572.07,75.2,0.0
2026-06-22,stable_salaried,8616.18,75.1,0.0
2026-06-23,stable_salaried,8623.6,74.8,0.0
2026-06-24,stable_salaried,8624.79,73.8,0.0
2026-06-25,stable_salaried,10407.13,77.1,0.0
2026-06-26,stable_salaried,10397.08,76.7,0.0
2026-06-27,stable_salaried,10540.76,77.5,0.0
2026-06-28,stable_salaried,10543.0,77.0,0.0
2026-06-29,stable_salaried,8598.07,74.7,0.0
2026-06-30,stable_salaried,8647.83,75.0,0.0
2026-07-01,stable_salaried,8623.56,74.6,0.0
2026-07-02,stable_salaried,8628.46,75.6,0.0
2026-07-03,stable_salaried,8633.77,75.1,0.0
2026-07-04,stable_salaried,8590.4,74.3,0.0
2026-07-05,stable_salaried,8634.86,74.8,0.0
2026-07-06,stable_salaried,8606.53,75.7,0.0
2026-07-07,stable_salaried,8621.99,75.7,0.0
2026-07-08,stable_salaried,8620.38,74.6,0.0
2026-07-09,stable_salaried,8643.59,75.3,0.0
2026-07-10,stable_salaried,8655.48,75.4,0.0
2026-07-11,stable_salaried,8582.06,74.5,0.0
2026-07-12,stable_salaried,8609.7,75.5,0.0
2026-07-13,stable_salaried,8645.55,74.9,0.0
2026-07-14,stable_salaried,8617.61,74.8,0.0
2026-07-15,stable_salaried,8675.4,74.7,0.0
2026-07-16,stable_salaried,8610.73,76.0,0.0
2026-07-17,stable_salaried,8640.46,75.8,0.0
2026-07-18,stable_salaried,8687.52,75.6,0.0
2026-07-19,stable_salaried,8621.88,74.4,0.0
2026-07-20,stable_salaried,8624.16,76.1,0.0
2026-07-21,stable_salaried,8629.33,74.0,0.0
2026-07-22,stable_salaried,8616.04,74.7,0.0
2026-07-23,stable_salaried,8581.33,75.0,0.0
2026-07-24,stable_salaried,8643.23,75.1,0.0
2026-07-25,stable_salaried,10381.49,76.9,0.0
2026-07-26,stable_salaried,10520.93,77.0,0.0
2026-07-27,stable_salaried,10538.42,77.3,0.0
2026-07-28,stable_salaried,10463.35,77.5,0.0
2026-07-29,stable_salaried,8572.85,75.8,0.0
2026-07-30,stable_salaried,8576.82,74.3,0.0
2026-07-31,stable_salaried,8618.52,75.0,0.0
2026-08-01,stable_salaried,8647.81,75.3,0.0
2026-08-02,stable_salaried,8554.66,74.5,0.0
2026-08-03,stable_salaried,8624.0,74.4,0.0
2026-08-04,stable_salaried,8629.34,75.4,0.0
2026-08-05,stable_salaried,8606.86,74.7,0.0
2026-08-06,stable_salaried,8651.15,75.2,0.0
2026-08-07,stable_salaried,8605.92,75.4,0.0
2026-08-08,stable_salaried,8606.95,74.2,0.0
2026-08-09,stable_salaried,8635.34,74.6,0.0
2026-08-10,stable_salaried,8656.68,75.2,0.0
2026-08-11,stable_salaried,8562.33,76.2,0.0
2026-08-12,stable_salaried,8650.42,75.3,0.0
2026-05-15,stretched_salaried,1864.78,37.5,44.3
2026-05-16,stretched_salaried,1847.58,38.9,38.6
2026-05-17,stretched_salaried,1823.38,37.8,42.9
2026-05-18,stretched_salaried,1883.77,36.9,45.7
2026-05-19,stretched_salaried,1864.29,38.5,40.7
2026-05-20,stretched_salaried,1856.28,39.2,37.9
2026-05-21,stretched_salaried,1818.91,37.6,42.9
2026-05-22,stretched_salaried,1873.2,38.5,39.3
2026-05-23,stretched_salaried,1865.58,38.9,40.7
2026-05-24,stretched_salaried,1849.96,38.2,41.4
2026-05-25,stretched_salaried,3860.52,49.4,12.1
2026-05-26,stretched_salaried,3835.06,50.0,10.7
2026-05-27,stretched_salaried,3557.74,48.5,18.6
2026-05-28,stretched_salaried,3853.84,47.5,19.3
2026-05-29,stretched_salaried,1873.88,37.8,47.1
2026-05-30,stretched_salaried,1892.74,38.2,42.9
2026-05-31,stretched_salaried,1886.22,41.2,26.4
2026-06-01,stretched_salaried,1852.16,37.7,37.1
2026-06-02,stretched_salaried,1883.3,37.1,44.3
2026-06-03,stretched_salaried,1888.02,38.5,41.4
2026-06-04,stretched_salaried,1843.78,39.2,36.4
2026-06-05,stretched_salaried,1825.91,40.1,34.3
2026-06-06,stretched_salaried,1868.25,39.5,35.7
2026-06-07,stretched_salaried,1840.18,36.4,45.7
2026-06-08,stretched_salaried,1882.09,40.4,35.7
2026-06-09,stretched_salaried,1866.24,37.7,44.3
2026-06-10,stretched_salaried,1882.26,37.6,43.6
2026-06-11,stretched_salaried,1881.59,38.4,35.0
2026-06-12,stretched_salaried,1842.84,39.8,39.3
2026-06-13,stretched_salaried,1827.34,38.3,37.9
2026-06-14,stretched_salaried,1869.56,36.9,45.7
2026-06-15,stretched_salaried,1870.0,38.9,35.0
2026-06-16,stretched_salaried,1857.02,39.9,38.6
2026-06-17,stretched_salaried,1830.9,38.6,37.9
2026-06-18,stretched_salaried,1843.3,40.4,32.9
2026-06-19,stretched_salaried,1838.62,37.9,42.1
2026-06-20,stretched_salaried,1862.08,36.8,45.7
2026-06-21,stretched_salaried,1884.5,37.7,44.3
2026-06-22,stretched_salaried,1855.32,36.7,45.7
2026-06-23,stretched_salaried,1841.92,38.6,41.4
2026-06-24,stretched_salaried,1888.18,37.2,39.3
2026-06-25,stretched_salaried,3658.09,48.9,11.4
2026-06-26,stretched_salaried,3729.19,49.3,12.9
2026-06-27,stretched_salaried,3736.29,48.9,18.6
2026-06-28,stretched_salaried,3756.92,49.1,13.6
2026-06-29,stretched_salaried,1829.3,38.8,36.4
2026-06-30,stretched_salaried,1833.18,38.8,38.6
2026-07-01,stretched_salaried,1805.67,37.9,35.7
2026-07-02,stretched_salaried,1833.7,37.0,45.7
2026-07-03,stretched_salaried,1824.54,37.7,36.4
2026-07-04,stretched_salaried,1792.3,39.0,35.7
2026-07-05,stretched_salaried,1835.4,39.8,35.7
2026-07-06,stretched_salaried,1819.47,37.5,45.7
2026-07-07,stretched_salaried,1834.17,38.2,45.7
2026-07-08,stretched_salaried,1865.0,39.8,31.4
2026-07-09,stretched_salaried,1810.74,37.6,38.6
2026-07-10,stretched_salaried,1854.71,38.9,38.6
2026-07-11,stretched_salaried,1836.56,38.0,44.3
2026-07-12,stretched_salaried,1768.55,37.6,44.3
2026-07-13,stretched_salaried,1785.55,37.7,38.6
2026-07-14,stretched_salaried,1799.86,38.7,45.7
2026-07-15,stretched_salaried,1810.36,36.9,49.3
2026-07-16,stretched_salaried,1773.84,38.3,38.6
2026-07-17,stretched_salaried,1817.52,37.9,35.7
2026-07-18,stretched_salaried,1837.56,39.7,35.7
2026-07-19,stretched_salaried,1800.02,37.8,39.3
2026-07-20,stretched_salaried,1759.72,37.1,47.1
2026-07-21,stretched_salaried,1789.5,39.6,36.4
2026-07-22,stretched_salaried,1768.03,36.7,44.3
2026-07-23,stretched_salaried,1756.86,38.5,40.7
2026-07-24,stretched_salaried,1797.9,39.4,35.0
2026-07-25,stretched_salaried,3709.24,48.7,14.3
2026-07-26,stretched_salaried,3599.23,48.7,13.6
2026-07-27,stretched_salaried,3908.78,49.3,17.1
2026-07-28,stretched_salaried,3695.56,48.3,15.7
2026-07-29,stretched_salaried,1764.0,39.8,33.6
2026-07-30,stretched_salaried,1763.89,37.4,45.7
2026-07-31,stretched_salaried,1803.14,37.3,38.6
2026-08-01,stretched_salaried,1787.98,38.8,42.9
2026-08-02,stretched_salaried,1852.82,39.1,39.3
2026-08-03,stretched_salaried,1758.02,38.6,40.7
2026-08-04,stretched_salaried,1815.45,38.1,45.7
2026-08-05,stretched_salaried,1767.96,37.9,40.7
2026-08-06,stretched_salaried,1833.6,38.9,35.7
2026-08-07,stretched_salaried,1779.2,38.1,41.4
2026-08-08,stretched_salaried,1807.78,38.7,39.3
2026-08-09,stretched_salaried,1786.13,37.6,47.1
2026-08-10,stretched_salaried,1806.68,39.8,35.0
2026-08-11,stretched_salaried,1837.26,38.4,39.3
2026-08-12,stretched_salaried,1825.44,40.1,35.7
2026-05-15,gig_worker,2054.18,41.2,36.8
2026-05-16,gig_worker,2080.8,43.1,26.3
2026-05-17,gig_worker,2066.07,43.6,28.1
2026-05-18,gig_worker,2030.52,44.2,22.8
2026-05-19,gig_worker,2056.4,40.1,35.1
2026-05-20,gig_worker,2075.15,43.4,28.9
2026-05-21,gig_worker,2100.73,39.1,38.6
2026-05-22,gig_worker,2058.61,42.7,32.5
2026-05-23,gig_worker,2106.23,42.1,29.8
2026-05-24,gig_worker,2110.99,42.7,26.3
2026-05-25,gig_worker,4118.52,48.5,20.2
2026-05-26,gig_worker,3959.88,50.6,14.0
2026-05-27,gig_worker,4083.54,53.8,14.9
2026-05-28,gig_worker,4226.12,52.9,11.4
2026-05-29,gig_worker,2201.06,42.5,36.8
2026-05-30,gig_worker,2079.6,42.7,28.9
2026-05-31,gig_worker,2112.6,41.7,29.8
2026-06-01,gig_worker,2045.24,39.1,37.7
2026-06-02,gig_worker,2106.56,41.7,34.2
2026-06-03,gig_worker,2122.41,44.4,29.8
2026-06-04,gig_worker,2102.48,40.4,33.3
2026-06-05,gig_worker,2131.74,43.3,31.6
2026-06-06,gig_worker,2106.07,41.1,33.3
2026-06-07,gig_worker,2176.22,44.4,30.7
2026-06-08,gig_worker,2163.95,41.1,39.5
2026-06-09,gig_worker,2154.09,45.1,28.1
2026-06-10,gig_worker,2168.22,42.2,31.6
2026-06-11,gig_worker,2158.06,42.2,35.1
2026-06-12,gig_worker,2214.48,42.2,26.3
2026-06-13,gig_worker,2164.41,42.1,28.9
2026-06-14,gig_worker,2159.11,42.1,33.3
2026-06-15,gig_worker,2178.04,44.1,28.9
2026-06-16,gig_worker,2166.84,43.9,26.3
2026-06-17,gig_worker,2167.16,39.6,34.2
2026-06-18,gig_worker,2154.9,42.4,28.1
2026-06-19,gig_worker,2195.36,43.2,30.7
2026-06-20,gig_worker,2183.72,40.1,39.5
2026-06-21,gig_worker,2193.2,42.2,31.6
2026-06-22,gig_worker,2196.33,43.6,28.1
2026-06-23,gig_worker,2218.93,40.5,39.5
2026-06-24,gig_worker,2226.72,42.1,34.2
2026-06-25,gig_worker,4067.59,50.5,15.8
2026-06-26,gig_worker,4023.15,49.5,21.1
2026-06-27,gig_worker,4132.7,50.9,14.0
2026-06-28,gig_worker,3803.84,50.5,14.9
2026-06-29,gig_worker,2257.88,42.9,31.6
2026-06-30,gig_worker,2300.61,40.7,36.0
2026-07-01,gig_worker,2245.56,43.1,30.7
2026-07-02,gig_worker,2250.88,42.3,31.6
2026-07-03,gig_worker,2262.19,41.9,32.5
2026-07-04,gig_worker,2299.94,43.8,28.1
2026-07-05,gig_worker,2274.32,41.5,35.1
2026-07-06,gig_worker,2303.11,40.9,32.5
2026-07-07,gig_worker,2307.52,39.4,42.1
2026-07-08,gig_worker,2340.36,44.7,28.9
2026-07-09,gig_worker,2251.52,42.3,34.2
2026-07-10,gig_worker,2319.57,41.8,28.9
2026-07-11,gig_worker,2319.96,41.0,33.3
2026-07-12,gig_worker,2293.12,41.8,36.0
2026-07-13,gig_worker,2371.3,43.2,36.0
2026-07-14,gig_worker,2360.06,43.6,25.4
2026-07-15,gig_worker,2319.5,43.0,29.8
2026-07-16,gig_worker,2337.24,40.7,36.8
2026-07-17,gig_worker,2285.59,40.9,35.1
2026-07-18,gig_worker,2278.38,40.3,39.5
2026-07-19,gig_worker,2319.4,43.1,31.6
2026-07-20,gig_worker,2361.6,38.5,45.6
2026-07-21,gig_worker,2293.02,39.1,36.0
2026-07-22,gig_worker,2334.96,41.4,36.8
2026-07-23,gig_worker,2343.35,39.5,39.5
2026-07-24,gig_worker,2354.34,41.6,35.1
2026-07-25,gig_worker,4082.96,51.0,13.2
2026-07-26,gig_worker,4022.26,50.5,14.9
2026-07-27,gig_worker,4077.44,49.8,13.2
2026-07-28,gig_worker,4080.55,52.9,12.3
2026-07-29,gig_worker,2384.84,42.3,29.8
2026-07-30,gig_worker,2320.18,44.3,27.2
2026-07-31,gig_worker,2295.32,42.0,32.5
2026-08-01,gig_worker,2374.53,40.2,35.1
2026-08-02,gig_worker,2290.4,43.7,28.1
2026-08-03,gig_worker,2218.83,41.9,31.6
2026-08-04,gig_worker,2304.96,44.4,30.7
2026-08-05,gig_worker,2323.14,41.8,34.2
2026-08-06,gig_worker,2289.12,40.7,40.4
2026-08-07,gig_worker,2227.54,38.8,43.9
2026-08-08,gig_worker,2303.0,41.7,33.3
2026-08-09,gig_worker,2219.61,41.1,34.2
2026-08-10,gig_worker,2235.53,40.1,31.6
2026-08-11,gig_worker,2267.4,40.8,37.7
2026-08-12,gig_worker,2313.84,38.8,41.2
2026-05-15,freelancer,3568.47,48.7,17.3
2026-05-16,freelancer,3500.62,47.8,19.4
2026-05-17,freelancer,3369.15,48.8,15.3
2026-05-18,freelancer,3268.06,49.6,18.4
2026-05-19,freelancer,3450.05,46.1,21.4
2026-05-20,freelancer,3380.17,47.9,22.4
2026-05-21,freelancer,3392.2,45.7,22.4
2026-05-22,freelancer,3366.98,45.8,25.5
2026-05-23,freelancer,3345.88,48.1,20.4
2026-05-24,freelancer,3381.35,48.8,18.4
2026-05-25,freelancer,5421.02,52.5,14.3
2026-05-26,freelancer,5240.81,52.9,13.3
2026-05-27,freelancer,5122.12,54.5,12.2
2026-05-28,freelancer,5352.36,55.4,11.2
2026-05-29,freelancer,3333.28,49.3,18.4
2026-05-30,freelancer,3371.05,49.8,21.4
2026-05-31,freelancer,3410.06,43.9,32.7
2026-06-01,freelancer,3367.7,50.7,18.4
2026-06-02,freelancer,3380.8,49.6,22.4
2026-06-03,freelancer,3462.07,47.4,21.4
2026-06-04,freelancer,3245.46,47.4,27.6
2026-06-05,freelancer,3458.6,49.1,24.5
2026-06-06,freelancer,3334.1,49.6,18.4
2026-06-07,freelancer,3407.2,47.1,27.6
2026-06-08,freelancer,3503.73,51.0,11.2
2026-06-09,freelancer,3330.04,48.4,23.5
2026-06-10,freelancer,3379.76,47.8,22.4
2026-06-11,freelancer,3311.0,47.4,26.5
2026-06-12,freelancer,3321.34,49.3,18.4
2026-06-13,freelancer,3512.36,50.7,14.3
2026-06-14,freelancer,3403.56,47.6,17.3
2026-06-15,freelancer,3382.12,48.9,19.4
2026-06-16,freelancer,3419.47,47.3,23.5
2026-06-17,freelancer,3440.56,48.7,25.5
2026-06-18,freelancer,3403.58,50.2,12.2
2026-06-19,freelancer,3407.6,50.2,16.3
2026-06-20,freelancer,3429.77,50.6,17.3
2026-06-21,freelancer,3366.92,48.4,26.5
2026-06-22,freelancer,3397.21,48.8,20.4
2026-06-23,freelancer,3372.08,47.6,21.4
2026-06-24,freelancer,3374.66,45.2,29.6
2026-06-25,freelancer,5265.61,52.8,14.3
2026-06-26,freelancer,5225.62,53.3,11.2
2026-06-27,freelancer,5148.36,54.8,11.2
2026-06-28,freelancer,5185.33,52.1,17.3
2026-06-29,freelancer,3410.12,49.4,25.5
2026-06-30,freelancer,3469.17,45.9,18.4
2026-07-01,freelancer,3511.37,46.9,28.6
2026-07-02,freelancer,3434.59,48.6,21.4
2026-07-03,freelancer,3493.12,48.8,21.4
2026-07-04,freelancer,3455.43,50.0,17.3
2026-07-05,freelancer,3450.06,49.8,18.4
2026-07-06,freelancer,3448.14,48.4,23.5
2026-07-07,freelancer,3383.36,47.8,19.4
2026-07-08,freelancer,3361.5,49.5,21.4
2026-07-09,freelancer,3345.98,49.3,21.4
2026-07-10,freelancer,3465.73,48.3,20.4
2026-07-11,freelancer,3394.4,50.2,11.2
2026-07-12,freelancer,3438.99,50.6,16.3
2026-07-13,freelancer,3339.0,47.0,21.4
2026-07-14,freelancer,3340.74,47.2,19.4
2026-07-15,freelancer,3448.25,45.5,23.5
2026-07-16,freelancer,3535.3,47.4,15.3
2026-07-17,freelancer,3420.91,47.5,17.3
2026-07-18,freelancer,3422.02,51.3,11.2
2026-07-19,freelancer,3421.57,48.5,20.4
2026-07-20,freelancer,3413.4,47.7,20.4
2026-07-21,freelancer,3426.98,47.4,23.5
2026-07-22,freelancer,3485.54,50.4,20.4
2026-07-23,freelancer,3440.76,48.9,21.4
2026-07-24,freelancer,3444.48,48.3,19.4
2026-07-25,freelancer,5125.16,54.3,12.2
2026-07-26,freelancer,5211.4,53.7,14.3
2026-07-27,freelancer,5120.29,55.0,11.2
2026-07-28,freelancer,5342.41,54.1,10.2
2026-07-29,freelancer,3454.54,50.1,20.4
2026-07-30,freelancer,3426.38,48.6,23.5
2026-07-31,freelancer,3506.92,48.4,15.3
2026-08-01,freelancer,3415.16,49.4,19.4
2026-08-02,freelancer,3430.7,48.6,21.4
2026-08-03,freelancer,3411.79,49.8,18.4
2026-08-04,freelancer,3413.02,49.6,16.3
2026-08-05,freelancer,3503.32,47.1,20.4
2026-08-06,freelancer,3443.0,46.4,23.5
2026-08-07,freelancer,3391.46,47.2,23.5
2026-08-08,freelancer,3445.08,46.7,17.3
2026-08-09,freelancer,3466.26,47.2,21.4
2026-08-10,freelancer,3500.38,45.2,22.4
2026-08-11,freelancer,3566.44,49.8,16.3
2026-08-12,freelancer,3519.62,47.7,19.4
2026-05-15,young_professional,3173.59,55.8,1.5
2026-05-16,young_professional,3156.17,55.3,0.7
2026-05-17,young_professional,3163.99,54.0,2.2
2026-05-18,young_professional,3176.37,55.6,1.5
2026-05-19,young_professional,3193.21,55.4,3.0
2026-05-20,young_professional,3154.95,54.8,5.2
2026-05-21,young_professional,3155.78,55.4,2.2
2026-05-22,young_professional,3176.84,56.8,0.7
2026-05-23,young_professional,3157.01,54.7,2.2
2026-05-24,young_professional,3169.6,55.7,4.4
2026-05-25,young_professional,5174.42,62.2,0.7
2026-05-26,young_professional,4975.1,60.6,0.0
2026-05-27,young_professional,5155.23,60.1,0.0
2026-05-28,young_professional,5121.18,60.9,2.2
2026-05-29,young_professional,3234.65,55.2,3.0
2026-05-30,young_professional,3163.3,56.2,4.4
2026-05-31,young_professional,3167.27,54.8,3.7
2026-06-01,young_professional,3221.53,55.4,3.7
2026-06-02,young_professional,3202.56,55.3,3.0
2026-06-03,young_professional,3156.36,55.2,3.0
2026-06-04,young_professional,3139.48,55.7,3.0
2026-06-05,young_professional,3212.59,53.8,2.2
2026-06-06,young_professional,3157.22,55.0,2.2
2026-06-07,young_professional,3190.64,55.5,3.0
2026-06-08,young_professional,3166.35,54.5,2.2
2026-06-09,young_professional,3173.89,56.2,0.0
2026-06-10,young_professional,3150.22,55.5,2.2
2026-06-11,young_professional,3172.04,55.1,3.7
2026-06-12,young_professional,3171.43,55.6,2.2
2026-06-13,young_professional,3186.29,54.6,3.0
2026-06-14,young_professional,3172.43,54.7,3.7
2026-06-15,young_professional,3190.47,57.2,0.7
2026-06-16,young_professional,3177.18,54.6,3.0
2026-06-17,young_professional,3159.46,55.8,5.2
2026-06-18,young_professional,3159.69,54.2,1.5
2026-06-19,young_professional,3161.25,55.5,0.7
2026-06-20,young_professional,3128.79,56.4,1.5
2026-06-21,young_professional,3211.97,55.9,1.5
2026-06-22,young_professional,3210.64,55.8,2.2
2026-06-23,young_professional,3190.9,55.4,0.7
2026-06-24,young_professional,3171.96,56.5,1.5
2026-06-25,young_professional,5149.02,63.5,0.0
2026-06-26,young_professional,4973.24,61.4,2.2
2026-06-27,young_professional,5137.39,61.9,0.7
2026-06-28,young_professional,5050.91,62.6,0.7
2026-06-29,young_professional,3189.32,54.9,0.0
2026-06-30,young_professional,3204.2,54.8,3.0
2026-07-01,young_professional,3201.98,55.2,0.7
2026-07-02,young_professional,3174.81,54.9,2.2
2026-07-03,young_professional,3199.21,56.1,1.5
2026-07-04,young_professional,3172.84,55.7,3.0
2026-07-05,young_professional,3152.6,54.6,3.7
2026-07-06,young_professional,3163.28,55.0,0.0
2026-07-07,young_professional,3089.41,54.4,2.2
2026-07-08,young_professional,3090.63,54.4,3.0
2026-07-09,young_professional,3157.75,55.3,1.5
2026-07-10,young_professional,3125.5,55.4,2.2
2026-07-11,young_professional,3153.59,55.2,3.0
2026-07-12,young_professional,3156.78,54.3,3.7
2026-07-13,young_professional,3177.55,54.9,5.9
2026-07-14,young_professional,3121.52,55.2,0.7
2026-07-15,young_professional,3137.66,54.2,5.9
2026-07-16,young_professional,3154.34,54.8,3.7
2026-07-17,young_professional,3134.92,55.5,1.5
2026-07-18,young_professional,3144.91,55.2,1.5
2026-07-19,young_professional,3108.32,56.3,3.0
2026-07-20,young_professional,3119.36,54.6,3.0
2026-07-21,young_professional,3088.69,54.8,4.4
2026-07-22,young_professional,3114.11,55.6,4.4
2026-07-23,young_professional,3102.66,55.8,2.2
2026-07-24,young_professional,3107.07,55.9,2.2
2026-07-25,young_professional,4906.4,62.7,0.7
2026-07-26,young_professional,4946.43,60.0,1.5
2026-07-27,young_professional,5039.46,62.6,0.0
2026-07-28,young_professional,4867.24,62.1,1.5
2026-07-29,young_professional,3046.84,54.8,3.7
2026-07-30,young_professional,3056.87,55.0,4.4
2026-07-31,young_professional,3062.3,54.8,3.7
2026-08-01,young_professional,3074.43,54.5,2.2
2026-08-02,young_professional,3107.1,55.5,2.2
2026-08-03,young_professional,3022.66,55.3,0.7
2026-08-04,young_professional,3043.49,54.0,3.0
2026-08-05,young_professional,3079.84,55.1,4.4
2026-08-06,young_professional,3047.83,55.7,2.2
2026-08-07,young_professional,3064.46,55.1,5.2
2026-08-08,young_professional,3019.5,54.1,1.5
2026-08-09,young_professional,3022.99,54.1,4.4
2026-08-10,young_professional,3036.63,56.3,2.2
2026-08-11,young_professional,3078.12,53.3,2.2
2026-08-12,young_professional,3037.24,55.4,4.4
2026-05-15,near_retiree,14984.0,73.5,0.0
2026-05-16,near_retiree,15484.71,74.8,0.0
2026-05-17,near_retiree,15322.57,70.8,0.0
2026-05-18,near_retiree,15171.02,71.4,0.0
2026-05-19,near_retiree,15145.74,71.5,0.0
2026-05-20,near_retiree,14894.88,72.3,0.0
2026-05-21,near_retiree,15098.72,72.6,0.0
2026-05-22,near_retiree,15284.46,71.2,0.0
2026-05-23,near_retiree,15122.47,69.7,0.0
2026-05-24,near_retiree,15371.6,71.2,0.0
2026-05-25,near_retiree,16559.07,70.7,0.0
2026-05-26,near_retiree,17054.62,73.9,0.0
2026-05-27,near_retiree,16978.11,74.5,0.0
2026-05-28,near_retiree,17340.1,71.5,0.0
2026-05-29,near_retiree,15227.95,70.6,0.0
2026-05-30,near_retiree,15219.36,73.9,0.0
2026-05-31,near_retiree,15375.81,70.7,0.0
2026-06-01,near_retiree,15226.92,72.2,0.0
2026-06-02,near_retiree,14911.28,72.8,0.0
2026-06-03,near_retiree,15231.94,70.6,0.0
2026-06-04,near_retiree,15343.34,72.6,0.0
2026-06-05,near_retiree,15297.31,71.4,0.0
2026-06-06,near_retiree,15319.56,72.4,0.0
2026-06-07,near_retiree,15229.52,71.5,0.0
2026-06-08,near_retiree,15217.16,72.8,0.0
2026-06-09,near_retiree,15610.52,72.6,0.0
2026-06-10,near_retiree,15444.68,73.6,0.0
2026-06-11,near_retiree,15505.09,72.9,0.0
2026-06-12,near_retiree,15605.69,72.8,0.0
2026-06-13,near_retiree,15180.09,70.3,0.0
2026-06-14,near_retiree,15256.08,71.0,0.0
2026-06-15,near_retiree,15372.56,72.9,0.0
2026-06-16,near_retiree,15311.0,72.9,0.0
2026-06-17,near_retiree,15390.56,72.1,0.0
2026-06-18,near_retiree,15232.42,71.0,0.0
2026-06-19,near_retiree,15490.13,71.8,0.0
2026-06-20,near_retiree,15176.78,71.7,0.0
2026-06-21,near_retiree,15344.94,72.7,0.0
2026-06-22,near_retiree,15461.4,72.0,0.0
2026-06-23,near_retiree,15404.74,74.0,0.0
2026-06-24,near_retiree,15458.97,73.8,0.0
2026-06-25,near_retiree,17411.46,75.7,0.0
2026-06-26,near_retiree,16867.96,75.3,0.0
2026-06-27,near_retiree,16918.88,73.1,0.0
2026-06-28,near_retiree,17550.5,72.6,0.0
2026-06-29,near_retiree,15474.37,72.1,0.0
2026-06-30,near_retiree,15041.37,72.3,0.0
2026-07-01,near_retiree,15205.42,73.8,0.0
2026-07-02,near_retiree,15459.44,70.7,0.0
2026-07-03,near_retiree,15452.44,72.7,0.0
2026-07-04,near_retiree,15493.58,72.0,0.0
2026-07-05,near_retiree,15522.26,72.9,0.0
2026-07-06,near_retiree,15167.71,70.4,0.0
2026-07-07,near_retiree,15454.34,71.4,0.0
2026-07-08,near_retiree,15422.73,72.4,1.4
2026-07-09,near_retiree,15597.3,72.8,0.0
2026-07-10,near_retiree,15419.13,71.7,0.0
2026-07-11,near_retiree,15311.62,71.2,0.0
2026-07-12,near_retiree,15363.31,71.0,0.0
2026-07-13,near_retiree,15692.64,72.1,0.0
2026-07-14,near_retiree,15293.72,73.7,0.0
2026-07-15,near_retiree,15484.04,70.6,0.0
2026-07-16,near_retiree,15301.1,71.8,0.0
2026-07-17,near_retiree,15253.37,73.8,0.0
2026-07-18,near_retiree,15051.98,72.0,0.0
2026-07-19,near_retiree,15404.14,71.6,0.0
2026-07-20,near_retiree,15116.56,71.2,0.0
2026-07-21,near_retiree,15243.92,71.2,0.0
2026-07-22,near_retiree,15358.61,73.4,0.0
2026-07-23,near_retiree,15318.76,71.9,0.0
2026-07-24,near_retiree,15666.47,70.8,0.0
2026-07-25,near_retiree,17203.96,73.2,0.0
2026-07-26,near_retiree,16973.28,72.8,0.0
2026-07-27,near_retiree,17157.46,73.2,0.0
2026-07-28,near_retiree,17041.55,73.4,0.0
2026-07-29,near_retiree,15540.21,71.5,0.0
2026-07-30,near_retiree,15479.2,72.5,0.0
2026-07-31,near_retiree,15444.48,72.6,0.0
2026-08-01,near_retiree,15550.9,73.4,0.0
2026-08-02,near_retiree,15206.84,70.7,0.0
2026-08-03,near_retiree,15611.02,72.9,0.0
2026-08-04,near_retiree,15319.04,72.8,0.0
2026-08-05,near_retiree,15431.34,75.1,0.0
2026-08-06,near_retiree,15512.52,71.8,0.0
2026-08-07,near_retiree,15489.73,69.7,0.0
2026-08-08,near_retiree,15435.69,71.8,0.0
2026-08-09,near_retiree,15680.11,72.3,0.0
2026-08-10,near_retiree,15526.0,73.1,0.0
2026-08-11,near_retiree,15334.0,71.0,0.0
2026-08-12,near_retiree,15366.83,72.3,0.0
2026-05-15,sme_seasonal,4314.42,48.3,15.5
2026-05-16,sme_seasonal,4343.22,49.7,14.7
2026-05-17,sme_seasonal,4338.77,50.9,12.1
2026-05-18,sme_seasonal,4272.69,47.7,16.4
2026-05-19,sme_seasonal,4268.1,50.2,12.9
2026-05-20,sme_seasonal,4271.16,47.1,20.7
2026-05-21,sme_seasonal,4197.23,47.7,19.0
2026-05-22,sme_seasonal,4334.67,48.7,19.0
2026-05-23,sme_seasonal,4213.74,50.6,12.9
2026-05-24,sme_seasonal,4408.94,50.7,10.3
2026-05-25,sme_seasonal,6061.7,51.8,8.6
2026-05-26,sme_seasonal,6166.34,51.2,12.1
2026-05-27,sme_seasonal,6100.62,54.8,9.5
2026-05-28,sme_seasonal,6213.42,53.0,8.6
2026-05-29,sme_seasonal,4287.92,49.6,11.2
2026-05-30,sme_seasonal,4289.91,49.2,12.1
2026-05-31,sme_seasonal,4401.3,51.0,13.8
2026-06-01,sme_seasonal,4212.07,52.0,8.6
2026-06-02,sme_seasonal,4193.35,50.7,12.9
2026-06-03,sme_seasonal,4282.56,48.1,13.8
2026-06-04,sme_seasonal,4298.89,49.1,16.4
2026-06-05,sme_seasonal,4226.26,48.2,21.6
2026-06-06,sme_seasonal,4172.73,47.7,16.4
2026-06-07,sme_seasonal,4455.8,48.6,19.0
2026-06-08,sme_seasonal,4152.85,50.1,12.1
2026-06-09,sme_seasonal,4396.78,47.8,20.7
2026-06-10,sme_seasonal,4245.34,50.0,13.8
2026-06-11,sme_seasonal,4286.47,50.5,10.3
2026-06-12,sme_seasonal,4302.02,46.3,17.2
2026-06-13,sme_seasonal,4363.36,49.4,17.2
2026-06-14,sme_seasonal,4274.4,49.4,16.4
2026-06-15,sme_seasonal,4380.06,49.6,15.5
2026-06-16,sme_seasonal,4277.65,50.5,15.5
2026-06-17,sme_seasonal,4432.27,47.0,18.1
2026-06-18,sme_seasonal,4276.57,46.9,19.8
2026-06-19,sme_seasonal,4241.34,49.4,16.4
2026-06-20,sme_seasonal,4348.31,49.8,12.1
2026-06-21,sme_seasonal,4416.25,48.4,16.4
2026-06-22,sme_seasonal,4317.06,50.3,14.7
2026-06-23,sme_seasonal,4529.52,49.7,14.7
2026-06-24,sme_seasonal,4253.16,51.1,9.5
2026-06-25,sme_seasonal,6244.27,52.0,10.3
2026-06-26,sme_seasonal,6402.48,52.7,6.9
2026-06-27,sme_seasonal,6564.14,51.8,10.3
2026-06-28,sme_seasonal,6352.84,52.6,11.2
2026-06-29,sme_seasonal,4414.4,48.0,19.8
2026-06-30,sme_seasonal,4462.43,50.4,11.2
2026-07-01,sme_seasonal,4285.57,46.8,17.2
2026-07-02,sme_seasonal,4414.98,51.3,9.5
2026-07-03,sme_seasonal,4410.65,49.1,13.8
2026-07-04,sme_seasonal,4324.95,48.3,18.1
2026-07-05,sme_seasonal,4377.8,48.4,16.4
2026-07-06,sme_seasonal,4364.3,48.7,16.4
2026-07-07,sme_seasonal,4383.9,50.1,12.9
2026-07-08,sme_seasonal,4525.17,48.3,21.6
2026-07-09,sme_seasonal,4376.42,49.9,14.7
2026-07-10,sme_seasonal,4315.07,51.7,10.3
2026-07-11,sme_seasonal,4454.05,50.5,11.2
2026-07-12,sme_seasonal,4346.46,49.9,17.2
2026-07-13,sme_seasonal,4352.96,48.5,12.9
2026-07-14,sme_seasonal,4320.91,49.7,13.8
2026-07-15,sme_seasonal,4480.31,50.0,15.5
2026-07-16,sme_seasonal,4371.27,48.5,15.5
2026-07-17,sme_seasonal,4424.0,50.5,12.1
2026-07-18,sme_seasonal,4400.88,49.2,12.9
2026-07-19,sme_seasonal,4497.15,48.1,13.8
2026-07-20,sme_seasonal,4526.88,48.1,16.4
2026-07-21,sme_seasonal,4440.94,47.9,18.1
2026-07-22,sme_seasonal,4544.58,49.3,17.2
2026-07-23,sme_seasonal,4511.12,49.9,12.1
2026-07-24,sme_seasonal,4355.49,50.2,12.1
2026-07-25,sme_seasonal,6492.42,51.8,7.8
2026-07-26,sme_seasonal,6270.36,52.3,9.5
2026-07-27,sme_seasonal,6178.26,52.6,9.5
2026-07-28,sme_seasonal,6459.17,55.3,7.8
2026-07-29,sme_seasonal,4566.38,45.5,18.1
2026-07-30,sme_seasonal,4472.43,49.7,19.8
2026-07-31,sme_seasonal,4550.2,47.9,17.2
2026-08-01,sme_seasonal,4443.64,49.1,15.5
2026-08-02,sme_seasonal,4422.04,49.1,12.9
2026-08-03,sme_seasonal,4455.92,46.8,21.6
2026-08-04,sme_seasonal,4504.64,49.3,12.1
2026-08-05,sme_seasonal,4533.75,49.2,13.8
2026-08-06,sme_seasonal,4512.58,48.9,17.2
2026-08-07,sme_seasonal,4505.3,47.1,16.4
2026-08-08,sme_seasonal,4425.13,48.6,19.0
2026-08-09,sme_seasonal,4464.27,49.5,16.4
2026-08-10,sme_seasonal,4530.87,50.2,9.5
2026-08-11,sme_seasonal,4453.7,49.5,16.4
2026-08-12,sme_seasonal,4470.54,48.6,18.1
2026-05-15,sme_distressed,1181.08,29.0,67.0
2026-05-16,sme_distressed,1208.33,29.3,65.0
2026-05-17,sme_distressed,1188.9,26.4,82.0
2026-05-18,sme_distressed,1214.08,29.1,75.0
2026-05-19,sme_distressed,1196.83,30.3,64.0
2026-05-20,sme_distressed,1189.56,28.6,66.0
2026-05-21,sme_distressed,1155.36,28.3,71.0
2026-05-22,sme_distressed,1183.43,28.0,73.0
2026-05-23,sme_distressed,1179.65,27.5,71.0
2026-05-24,sme_distressed,1195.48,28.5,71.0
2026-05-25,sme_distressed,3262.4,45.8,20.0
2026-05-26,sme_distressed,3146.81,44.8,24.0
2026-05-27,sme_distressed,2858.12,43.6,22.0
2026-05-28,sme_distressed,3141.58,45.2,20.0
2026-05-29,sme_distressed,1179.46,29.3,68.0
2026-05-30,sme_distressed,1196.29,29.7,63.0
2026-05-31,sme_distressed,1196.37,26.7,81.0
2026-06-01,sme_distressed,1133.72,28.1,76.0
2026-06-02,sme_distressed,1183.47,27.6,71.0
2026-06-03,sme_distressed,1241.38,30.4,62.0
2026-06-04,sme_distressed,1180.26,27.1,76.0
2026-06-05,sme_distressed,1253.41,27.2,78.0
2026-06-06,sme_distressed,1199.38,28.2,77.0
2026-06-07,sme_distressed,1201.28,28.8,68.0
2026-06-08,sme_distressed,1226.58,27.0,75.0
2026-06-09,sme_distressed,1230.89,28.7,62.0
2026-06-10,sme_distressed,1232.32,28.9,74.0
2026-06-11,sme_distressed,1255.49,29.7,70.0
2026-06-12,sme_distressed,1235.64,28.5,71.0
2026-06-13,sme_distressed,1240.76,28.7,75.0
2026-06-14,sme_distressed,1212.07,29.3,67.0
2026-06-15,sme_distressed,1235.46,26.5,71.0
2026-06-16,sme_distressed,1249.03,28.9,70.0
2026-06-17,sme_distressed,1236.16,28.1,73.0
2026-06-18,sme_distressed,1263.24,29.5,68.0
2026-06-19,sme_distressed,1209.39,27.2,73.0
2026-06-20,sme_distressed,1257.4,28.0,69.0
2026-06-21,sme_distressed,1246.42,27.7,73.0
2026-06-22,sme_distressed,1273.08,28.0,71.0
2026-06-23,sme_distressed,1193.88,30.5,64.0
2026-06-24,sme_distressed,1259.36,29.4,74.0
2026-06-25,sme_distressed,3156.49,42.9,29.0
2026-06-26,sme_distressed,3128.2,46.1,16.0
2026-06-27,sme_distressed,3122.3,43.2,20.0
2026-06-28,sme_distressed,3128.98,46.0,19.0
2026-06-29,sme_distressed,1251.4,29.2,66.0
2026-06-30,sme_distressed,1199.81,28.3,68.0
2026-07-01,sme_distressed,1232.9,29.3,68.0
2026-07-02,sme_distressed,1198.74,27.1,81.0
2026-07-03,sme_distressed,1215.45,28.4,75.0
2026-07-04,sme_distressed,1190.38,30.7,60.0
2026-07-05,sme_distressed,1227.32,29.2,68.0
2026-07-06,sme_distressed,1285.24,28.0,70.0
2026-07-07,sme_distressed,1194.28,28.7,66.0
2026-07-08,sme_distressed,1236.05,29.0,73.0
2026-07-09,sme_distressed,1209.78,30.3,63.0
2026-07-10,sme_distressed,1274.78,29.9,67.0
2026-07-11,sme_distressed,1212.01,28.4,74.0
2026-07-12,sme_distressed,1275.14,27.3,70.0
2026-07-13,sme_distressed,1253.62,29.1,68.0
2026-07-14,sme_distressed,1256.52,28.8,68.0
2026-07-15,sme_distressed,1282.22,28.1,70.0
2026-07-16,sme_distressed,1263.97,29.3,68.0
2026-07-17,sme_distressed,1250.49,29.4,69.0
2026-07-18,sme_distressed,1347.17,28.3,68.0
2026-07-19,sme_distressed,1289.62,28.4,72.0
2026-07-20,sme_distressed,1284.0,29.0,70.0
2026-07-21,sme_distressed,1279.04,28.1,73.0
2026-07-22,sme_distressed,1305.71,29.3,69.0
2026-07-23,sme_distressed,1339.42,29.1,72.0
2026-07-24,sme_distressed,1293.81,30.0,65.0
2026-07-25,sme_distressed,3163.0,44.8,22.0
2026-07-26,sme_distressed,3256.25,44.9,20.0
2026-07-27,sme_distressed,3204.58,46.6,18.0
2026-07-28,sme_distressed,3188.68,43.8,28.0
2026-07-29,sme_distressed,1316.01,28.5,67.0
2026-07-30,sme_distressed,1283.06,26.4,73.0
2026-07-31,sme_distressed,1315.39,29.2,72.0
2026-08-01,sme_distressed,1267.64,27.8,75.0
2026-08-02,sme_distressed,1354.46,29.1,69.0
2026-08-03,sme_distressed,1323.28,29.0,69.0
2026-08-04,sme_distressed,1351.82,28.3,71.0
2026-08-05,sme_distressed,1371.38,29.3,71.0
2026-08-06,sme_distressed,1347.39,28.7,71.0
2026-08-07,sme_distressed,1355.4,29.1,68.0
2026-08-08,sme_distressed,1329.88,30.5,67.0
2026-08-09,sme_distressed,1344.47,28.6,71.0
2026-08-10,sme_distressed,1385.87,29.4,70.0
2026-08-11,sme_distressed,1324.8,29.3,68.0
2026-08-12,sme_distressed,1335.88,29.0,70.0
